uid,response
8572,0.5057975649833679
179,0.9214817881584167
5664,0.7654858231544495
3587,0.8536410927772522
6711,0.775855302810669
8283,0.9596002101898193
7732,0.8652486205101013
7835,0.9070749282836914
17309,0.8113543391227722
16585,0.943026065826416
939,0.9350115656852722
17756,0.9327426552772522
9693,0.6984519362449646
1192,0.914088249206543
17090,0.8116506338119507
9719,0.44667717814445496
7419,0.24898238480091095
17472,0.8867190480232239
14805,0.922955334186554
1422,0.8379346132278442
8628,0.8837172389030457
1661,0.7516268491744995
11622,0.697807252407074
7481,0.4583599269390106
6832,0.8184130787849426
3546,0.8408161401748657
13057,0.7775159478187561
13521,0.6812666654586792
17928,0.9023496508598328
6361,0.8022962808609009
6334,0.9114503264427185
829,0.6299272179603577
8443,0.7633925080299377
15355,0.7558877468109131
2427,0.7833632826805115
4080,0.8201947808265686
13044,0.7204626202583313
16983,0.8594478368759155
11238,0.2493344396352768
13987,0.435945600271225
11924,0.7887912392616272
7333,0.6615144610404968
10483,0.9442234635353088
3341,0.7249082922935486
4036,0.7853935360908508
1510,0.8658364415168762
12160,0.9308042526245117
4275,0.859708845615387
8305,0.7670576572418213
11958,0.8873166441917419
297,0.8886140584945679
16511,0.8743715882301331
16290,0.9673025012016296
5928,0.3918057680130005
739,0.8983003497123718
7012,0.932905912399292
7750,0.8486308455467224
2070,0.8509065508842468
4477,0.9459171295166016
12373,0.48540088534355164
3878,0.9001713991165161
2585,0.9403362274169922
13383,0.8491901755332947
13651,0.5415318012237549
5522,0.9340929985046387
836,0.7754461169242859
12919,0.9419636130332947
11265,0.8427827954292297
8192,0.9160305857658386
6885,0.9658867716789246
13994,0.891979992389679
14583,0.8735612630844116
11962,0.9321873784065247
11444,0.33931466937065125
14303,0.8044694662094116
13859,0.8612053990364075
8294,0.6828458905220032
490,0.7815544605255127
15279,0.7983270883560181
9585,0.9379881620407104
16097,0.8074505925178528
10481,0.9026768803596497
2906,0.868999719619751
16132,0.5725132822990417
16688,0.7226654887199402
350,0.6950820088386536
1151,0.8432719707489014
9487,0.514262855052948
13131,0.84615159034729
1716,0.7953572869300842
11025,0.9537369012832642
3765,0.7852247953414917
3283,0.8501245975494385
2210,0.4613257944583893
7533,0.8682782649993896
3492,0.6445010900497437
9792,0.6489743590354919
6512,0.7928722500801086
5157,0.5045838356018066
3040,0.6389655470848083
6120,0.6758094429969788
1112,0.8371734023094177
11942,0.573064386844635
10870,0.9395963549613953
15511,0.8070192337036133
11913,0.9503963589668274
3470,0.7645091414451599
17977,0.6008759140968323
463,0.7848743796348572
14612,0.8409392833709717
4395,0.7481849789619446
4945,0.8843281865119934
11627,0.7650008201599121
12502,0.6160265803337097
3889,0.6740105748176575
7603,0.7343143820762634
12009,0.7788782119750977
17863,0.9342197775840759
6416,0.7512502670288086
13673,0.9358827471733093
11977,0.8817573189735413
14395,0.6489743590354919
5129,0.9207471609115601
1787,0.9079853892326355
2547,0.9125118255615234
6940,0.8993805646896362
14398,0.8718206882476807
426,0.8905081152915955
15442,0.8794794082641602
6690,0.4487757980823517
7145,0.3918057680130005
7788,0.7860714793205261
1034,0.8338879346847534
13881,0.7531834244728088
14508,0.9442234635353088
7492,0.9164296984672546
12944,0.8546163439750671
10528,0.4594977796077728
9962,0.8846994638442993
14369,0.8681171536445618
7550,0.93719482421875
2249,0.9456248879432678
11210,0.6661688089370728
7636,0.8594493269920349
15999,0.8115643858909607
4764,0.8557906746864319
7796,0.8082236051559448
10797,0.8205733895301819
8691,0.7215110659599304
9120,0.8048443794250488
10958,0.2471691370010376
15627,0.7623391151428223
7133,0.9127272963523865
9916,0.9820934534072876
14981,0.9596251249313354
17675,0.8668673038482666
17329,0.945835530757904
4566,0.8644960522651672
15168,0.9026768803596497
7087,0.8044694662094116
14807,0.7656691670417786
12805,0.621512770652771
10695,0.7953572869300842
10987,0.7838082909584045
17407,0.935197651386261
10832,0.5665227770805359
8301,0.719657301902771
17077,0.940911054611206
1435,0.8074595332145691
1911,0.9254903197288513
16543,0.7809923887252808
3914,0.9113540053367615
2201,0.5861639976501465
157,0.8531962037086487
1021,0.8058696985244751
8543,0.854912281036377
13089,0.8531962037086487
8302,0.9442861080169678
6349,0.7498663663864136
16158,0.44321078062057495
11101,0.6014450788497925
10624,0.8950620293617249
6896,0.8977426886558533
16779,0.8594478368759155
1227,0.6443605422973633
9696,0.8177642822265625
15910,0.8998929858207703
9456,0.9212911128997803
16482,0.9233028292655945
846,0.8629581928253174
6065,0.6110285520553589
2683,0.8869119882583618
155,0.8857558369636536
16354,0.8120450377464294
6178,0.8074505925178528
8113,0.8397857546806335
7175,0.8143625855445862
5903,0.8227663636207581
15190,0.4036957621574402
3865,0.8977662324905396
17293,0.8830555081367493
13344,0.9075103402137756
8722,0.5597649216651917
48,0.6042808294296265
14728,0.8263135552406311
14228,0.830346405506134
3634,0.7468571066856384
12324,0.7145127654075623
277,0.8949878811836243
14530,0.8428255319595337
4437,0.57603520154953
9586,0.7887054681777954
9031,0.7939485311508179
12734,0.7056124806404114
4152,0.620305061340332
8470,0.7972098588943481
16233,0.773195743560791
9121,0.9275686144828796
12738,0.8338451385498047
16044,0.9601982831954956
1097,0.9579975605010986
13732,0.8286694884300232
1067,0.831174910068512
3253,0.6924939155578613
4598,0.8876892328262329
7286,0.859755277633667
7562,0.805841863155365
17682,0.8888015747070312
7108,0.8340955376625061
9609,0.5109902620315552
2627,0.9393361210823059
6548,0.2717466652393341
15754,0.9343481063842773
14034,0.9008973240852356
13481,0.6890725493431091
1382,0.902370035648346
14122,0.8870062828063965
15845,0.9674293398857117
4563,0.7778510451316833
1818,0.8095611333847046
11865,0.7755910754203796
17443,0.7685432434082031
10944,0.8268673419952393
3254,0.6052483916282654
9495,0.8749050498008728
8216,0.8377842307090759
17484,0.9197567105293274
9570,0.6983444094657898
6385,0.8624002933502197
4045,0.8916104435920715
10978,0.921173632144928
3697,0.8865054845809937
2077,0.8514641523361206
747,0.6022012233734131
1964,0.9114503264427185
2805,0.8203793168067932
3836,0.9656481742858887
14471,0.9228066802024841
17840,0.9385707974433899
7140,0.7448908686637878
13958,0.719657301902771
13653,0.7643946409225464
12126,0.932887852191925
13080,0.8335676193237305
4948,0.8367358446121216
4110,0.8141972422599792
2362,0.8600428700447083
17117,0.8086228370666504
7681,0.9503963589668274
12469,0.9241481423377991
3860,0.7468571066856384
8422,0.5721445083618164
2577,0.2050664722919464
15571,0.8602524995803833
5710,0.5732523202896118
2391,0.9424412250518799
30,0.8509065508842468
17741,0.6412895321846008
8733,0.6237342357635498
11373,0.6190744638442993
16535,0.9201942682266235
9790,0.7519201040267944
15029,0.9543617367744446
2570,0.9441627860069275
8611,0.9114503264427185
2229,0.7623391151428223
3276,0.978857159614563
11887,0.9464279413223267
15345,0.7627771496772766
4646,0.8163880109786987
11415,0.8809061646461487
5179,0.4475966691970825
10294,0.7174561619758606
3553,0.8757799863815308
17748,0.7303896546363831
5838,0.49681687355041504
9717,0.514262855052948
7532,0.8189479112625122
1492,0.775855302810669
5387,0.8259475827217102
5087,0.8444056510925293
10951,0.7011364102363586
6841,0.4357767403125763
7946,0.9579501748085022
6200,0.6669186949729919
6482,0.9219440817832947
6083,0.912086009979248
17714,0.7600944638252258
3097,0.9679343700408936
9976,0.4411952793598175
15965,0.7499554753303528
14198,0.6875102519989014
11724,0.8935338258743286
1903,0.8573877215385437
11151,0.9450793862342834
15884,0.779618501663208
16410,0.8135454058647156
9817,0.8467625379562378
11499,0.9335907697677612
1339,0.8697945475578308
552,0.7988300919532776
12288,0.8314288258552551
13525,0.6890725493431091
3513,0.7329598069190979
1802,0.7848743796348572
7809,0.8283584713935852
15686,0.7960644364356995
11742,0.8801891207695007
13323,0.8335676193237305
15833,0.920136570930481
14207,0.6794800758361816
15776,0.659940242767334
4134,0.9227928519248962
9164,0.9233028292655945
16089,0.7354978322982788
13662,0.9001713991165161
11095,0.6487398147583008
10232,0.7481715083122253
12207,0.7926880717277527
7649,0.7343143820762634
9877,0.7693023085594177
4248,0.8181339502334595
12302,0.8999327421188354
621,0.6351839900016785
5030,0.8459839224815369
8777,0.8905081152915955
5444,0.956979513168335
5325,0.6703593134880066
15966,0.9618418216705322
12127,0.9685246348381042
8690,0.8678327202796936
6299,0.9249294400215149
12679,0.9063447713851929
17136,0.9316883683204651
3946,0.7449671030044556
12505,0.6845162510871887
4908,0.5217388868331909
11502,0.8203573822975159
8115,0.8328188061714172
11054,0.4594977796077728
16406,0.9226232767105103
3299,0.6441332697868347
14976,0.8095611333847046
1223,0.9211188554763794
6485,0.9546629190444946
14312,0.7412379384040833
6781,0.9634643793106079
3466,0.9399908185005188
14882,0.6697612404823303
12750,0.8678327202796936
12661,0.8151123523712158
17321,0.8340117931365967
6351,0.9342197775840759
16764,0.6903243660926819
3594,0.8195391893386841
4113,0.9442861080169678
13687,0.9426867365837097
15872,0.9066041707992554
16586,0.5574362277984619
12883,0.7920935153961182
9794,0.3782064914703369
12939,0.8561350107192993
14755,0.8784438967704773
2215,0.6519169807434082
1233,0.8511413335800171
2877,0.9072878956794739
12924,0.8574275970458984
550,0.850674033164978
13715,0.435945600271225
6835,0.7335227727890015
5982,0.7403774857521057
12581,0.8229562044143677
4658,0.6522868871688843
8486,0.7721226811408997
15414,0.748876690864563
3392,0.8322581052780151
7580,0.4757324159145355
9486,0.860905647277832
4698,0.8353068828582764
8816,0.6885077357292175
10293,0.8070192337036133
13290,0.8295316100120544
15032,0.8338192105293274
1051,0.37776026129722595
13253,0.6581048369407654
16324,0.7012549638748169
17166,0.8550722002983093
854,0.7350283265113831
13373,0.920354425907135
952,0.8093540072441101
1629,0.9528740048408508
4898,0.8967851400375366
821,0.8304810523986816
12369,0.9685246348381042
1845,0.838288426399231
13666,0.6137171983718872
12052,0.8967851400375366
11998,0.8078129887580872
13757,0.9142249226570129
14267,0.910033106803894
17833,0.8421458601951599
3519,0.6983444094657898
1630,0.726816713809967
7283,0.7549939155578613
1224,0.8672503232955933
14211,0.9457453489303589
15476,0.3850468099117279
16082,0.6783895492553711
516,0.5538917779922485
5313,0.9163662195205688
6972,0.8932617902755737
10589,0.7774897217750549
16666,0.9556108117103577
9801,0.9127814769744873
6955,0.6683308482170105
16,0.9241477847099304
6036,0.8983338475227356
7593,0.9261597990989685
17885,0.7064237594604492
17310,0.9130204319953918
1469,0.5188220739364624
7254,0.8263696432113647
15598,0.7025226354598999
14843,0.6333036422729492
2266,0.8860702514648438
13755,0.7421039938926697
17177,0.6421336531639099
14721,0.3912556767463684
11079,0.7645091414451599
10966,0.649010956287384
16310,0.697807252407074
11318,0.6854285001754761
11587,0.8105953335762024
15868,0.989331841468811
17350,0.8447567224502563
5938,0.870387613773346
15014,0.8567860722541809
7755,0.9634643793106079
13933,0.885807991027832
36,0.9002705216407776
16970,0.9379881620407104
16503,0.7014519572257996
11393,0.5416144728660583
9179,0.8816977143287659
15742,0.9094224572181702
5784,0.6622903943061829
16034,0.941913902759552
6102,0.7354978322982788
3323,0.7272021174430847
17468,0.9010011553764343
11983,0.7539937496185303
11402,0.9529129266738892
10655,0.7454637289047241
1721,0.6849865913391113
16711,0.9649045467376709
7587,0.9429206848144531
12983,0.9447025060653687
10411,0.4363200068473816
12770,0.9034799337387085
13633,0.12568071484565735
990,0.943660318851471
9041,0.8812752366065979
16426,0.8384154438972473
11826,0.7331048250198364
5244,0.7534223198890686
2306,0.7884038090705872
11557,0.9442855715751648
5732,0.9340479373931885
1672,0.8832634091377258
2220,0.9601982831954956
4830,0.8749432563781738
4136,0.7915596961975098
8106,0.7828831076622009
11422,0.803690493106842
16334,0.7157268524169922
17959,0.6595708727836609
6387,0.9202312231063843
5454,0.7909723520278931
7824,0.6094130277633667
17180,0.8579298257827759
3732,0.5435023307800293
5206,0.8738900423049927
17164,0.8338451385498047
8460,0.7784584760665894
16928,0.735177755355835
15714,0.6104051470756531
11053,0.85887211561203
6313,0.6245774030685425
13440,0.8409937024116516
14883,0.9495575428009033
16583,0.979085385799408
3214,0.9455586671829224
11030,0.895890474319458
1892,0.84615159034729
14878,0.8696113228797913
11933,0.7085846066474915
9804,0.6361472606658936
8670,0.8432719707489014
8285,0.6814271211624146
280,0.9215355515480042
12984,0.8956160545349121
8207,0.9438368678092957
10866,0.7139142155647278
2372,0.4379042685031891
4448,0.9362349510192871
8140,0.9187067151069641
10518,0.4284735918045044
13767,0.8586453795433044
2322,0.8472089171409607
13244,0.865787148475647
4709,0.858613908290863
4546,0.6544402837753296
10427,0.695281982421875
7451,0.51351398229599
13227,0.5282180309295654
11382,0.7832478284835815
5304,0.7084453105926514
11233,0.8196229934692383
1354,0.9143389463424683
3894,0.5952337384223938
2868,0.742393970489502
4887,0.3909412920475006
8812,0.9681914448738098
6188,0.8070716857910156
15418,0.7481786608695984
7467,0.6542121171951294
17498,0.8854207396507263
8297,0.9140932559967041
6402,0.8631957769393921
220,0.7771061062812805
6647,0.43127718567848206
16495,0.8828715682029724
7723,0.7084464430809021
5661,0.9110667705535889
17160,0.7032710909843445
12293,0.8007838726043701
375,0.5175338983535767
17655,0.9199451208114624
1114,0.8908554911613464
8404,0.8536251783370972
8052,0.8825727701187134
2407,0.5332161784172058
10613,0.9262705445289612
11411,0.93827885389328
9643,0.8339688777923584
15383,0.8530130386352539
11326,0.8715444803237915
11961,0.6311511397361755
16267,0.7455770373344421
5440,0.7525694370269775
16069,0.9293321967124939
17242,0.8749561309814453
1072,0.9601982831954956
17012,0.8827649354934692
8605,0.7789066433906555
1452,0.8735612630844116
9115,0.9169182181358337
17016,0.802249014377594
13186,0.9642555713653564
8097,0.6474489569664001
14922,0.7775159478187561
5689,0.8829999566078186
12330,0.9079853892326355
6406,0.5253008008003235
5672,0.8662083148956299
3637,0.7784584760665894
10781,0.8892213106155396
335,0.8030934929847717
8290,0.7952036261558533
5483,0.9481862783432007
15616,0.6803100109100342
17477,0.4738749861717224
11242,0.7491350769996643
10265,0.9262705445289612
13040,0.4731394946575165
7579,0.9024848341941833
5713,0.8857558369636536
11877,0.7056124806404114
17716,0.9658688902854919
6468,0.8437671661376953
12398,0.9642555713653564
9952,0.9198412299156189
16477,0.9054276347160339
9388,0.9018580913543701
13781,0.8263135552406311
6652,0.8846994638442993
15428,0.9133713245391846
7645,0.6491729617118835
8791,0.5387349724769592
1265,0.7723197340965271
15137,0.5860615372657776
13124,0.6492592692375183
16595,0.864427387714386
13106,0.6415354609489441
16288,0.8043400645256042
2933,0.8337419629096985
4266,0.7350376844406128
5172,0.7299731373786926
8678,0.840903103351593
14956,0.8568670153617859
735,0.6314592361450195
6160,0.7539937496185303
5742,0.9178716540336609
15046,0.8808578252792358
3973,0.8013275861740112
623,0.678190290927887
8747,0.9283987283706665
8009,0.7810382843017578
12623,0.9039733409881592
8741,0.24898238480091095
12704,0.8452694416046143
12904,0.8335676193237305
2036,0.8808605670928955
13857,0.8757799863815308
8866,0.8420754075050354
11469,0.8810044527053833
6958,0.8340955376625061
12500,0.8318522572517395
17387,0.909896731376648
13839,0.8888214826583862
17765,0.9264249801635742
5761,0.8094854354858398
12017,0.719708263874054
5219,0.7451289892196655
11061,0.7818294763565063
1080,0.621512770652771
15338,0.9020976424217224
3015,0.9445826411247253
9564,0.7255688905715942
5706,0.7792547345161438
17888,0.9284437298774719
15219,0.7454637289047241
5887,0.8055047392845154
3033,0.7656638622283936
10727,0.8697270750999451
11000,0.9086157083511353
14481,0.9601982831954956
4786,0.6984519362449646
7851,0.9240538477897644
6434,0.8327622413635254
17717,0.8447567224502563
12340,0.8060369491577148
4296,0.6959566473960876
11970,0.8193351626396179
16790,0.7810489535331726
4276,0.8459839224815369
14128,0.2819894254207611
131,0.7614961266517639
1054,0.944877028465271
9632,0.8506402969360352
3636,0.5833030343055725
5298,0.7583958506584167
11719,0.827357292175293
15607,0.889826774597168
9576,0.901626706123352
3498,0.812659502029419
3963,0.7150423526763916
393,0.5952337384223938
3978,0.945835530757904
12594,0.781083345413208
7785,0.8998929858207703
12376,0.941913902759552
6472,0.8696113228797913
6465,0.9404911398887634
4864,0.6985712051391602
3800,0.8601643443107605
789,0.8101162314414978
13895,0.7343132495880127
1099,0.9503963589668274
4236,0.844019889831543
4239,0.5631138682365417
6107,0.8968662619590759
16045,0.8760344386100769
1554,0.9313427805900574
13953,0.9120225310325623
1839,0.5816797018051147
4155,0.8564385175704956
9362,0.823604941368103
6057,0.6711030006408691
3370,0.7152125239372253
2760,0.8294393420219421
5318,0.7342090010643005
10231,0.8912160992622375
799,0.8699836730957031
4390,0.7303103804588318
14685,0.9321085810661316
4086,0.5768710374832153
9086,0.9455586671829224
11531,0.867766261100769
3693,0.7909361124038696
2192,0.8706797957420349
16775,0.529609739780426
3928,0.965912401676178
12371,0.7789066433906555
12061,0.7803009152412415
16946,0.7891424298286438
12772,0.9239354133605957
2293,0.8848069906234741
13842,0.8759134411811829
13230,0.8459839224815369
5256,0.7502239942550659
14624,0.85941481590271
8035,0.839227557182312
9615,0.7492614388465881
9716,0.7634460926055908
17657,0.6651709079742432
9761,0.4877817928791046
14453,0.8816977143287659
16883,0.9047093391418457
2819,0.8340955376625061
4167,0.6314592361450195
5261,0.5095222592353821
7452,0.7073760032653809
17388,0.8059527277946472
7836,0.4791708290576935
2852,0.9030673503875732
13810,0.7567785978317261
3277,0.9085837006568909
15416,0.9495168328285217
1418,0.8420754075050354
937,0.8327032923698425
15782,0.8017809391021729
16299,0.7077975273132324
184,0.8112442493438721
13235,0.9569403529167175
1916,0.9205927848815918
5894,0.9394036531448364
10976,0.8973475098609924
3729,0.8980692625045776
9829,0.8417433500289917
10267,0.8601643443107605
8724,0.8903063535690308
8278,0.9110667705535889
10039,0.9179417490959167
9094,0.7999651432037354
5693,0.7846965789794922
7512,0.740328848361969
5347,0.7223514318466187
13585,0.9008973240852356
4201,0.5418183207511902
3640,0.8001099824905396
2051,0.7623391151428223
15028,0.8859512209892273
11735,0.5502276420593262
6237,0.9543617367744446
6757,0.8332729339599609
8256,0.6833720803260803
2537,0.96318519115448
10050,0.899593710899353
8145,0.8715435266494751
2079,0.8144006133079529
13078,0.8778285980224609
12361,0.7882552742958069
4281,0.8420757055282593
652,0.7668867111206055
7070,0.8652431964874268
3300,0.9249294400215149
10292,0.775036096572876
7511,0.4583599269390106
4765,0.7690324187278748
6799,0.6903133988380432
597,0.68537437915802
4027,0.8781301379203796
11133,0.6968880891799927
5841,0.7249701619148254
5452,0.7397786378860474
4905,0.910033106803894
6132,0.8347472548484802
14970,0.7548612952232361
17786,0.4967498779296875
1953,0.499843955039978
10138,0.9037777781486511
14600,0.858613908290863
9844,0.6324278116226196
13385,0.8763023018836975
16297,0.8873166441917419
4662,0.8706991076469421
16251,0.9358827471733093
1856,0.9340929985046387
13181,0.7916627526283264
5322,0.8004096150398254
4554,0.8335676193237305
2335,0.8299519419670105
9167,0.6822823286056519
13249,0.9513801336288452
10439,0.9160305857658386
13912,0.7218077182769775
5473,0.7585412859916687
14848,0.8864020705223083
12381,0.7474436163902283
7161,0.9188802242279053
11704,0.7308436036109924
7711,0.5631138682365417
13520,0.6399815082550049
17731,0.2050664722919464
2917,0.8843281865119934
7656,0.8434710502624512
13039,0.6075534224510193
7471,0.8005163669586182
17609,0.21179883182048798
6974,0.6385669112205505
14491,0.8001099824905396
16703,0.7660913467407227
1087,0.84615159034729
5873,0.9419636130332947
8620,0.45978716015815735
3170,0.9489899277687073
3126,0.8859429359436035
14539,0.5628548860549927
3420,0.5119641423225403
1250,0.8561350107192993
14023,0.7969275712966919
17641,0.8485895991325378
3147,0.8743715882301331
15350,0.7272021174430847
17880,0.8552567362785339
14500,0.7223737239837646
5702,0.8014841675758362
14017,0.9219643473625183
10680,0.9023496508598328
13139,0.7419589757919312
2975,0.6993688344955444
14073,0.6565252542495728
14509,0.951972246170044
11638,0.9698540568351746
15963,0.9214817881584167
14005,0.6033696532249451
14106,0.9500424861907959
15498,0.49067384004592896
8844,0.9324890375137329
2569,0.9649045467376709
17550,0.47642242908477783
3320,0.744325578212738
9749,0.7790245413780212
7857,0.8776124119758606
15509,0.7659916281700134
12269,0.7583958506584167
10031,0.9167070984840393
1049,0.8899939656257629
3801,0.8237786293029785
8310,0.7761366963386536
13656,0.7276785969734192
13501,0.8814523220062256
9795,0.5511356592178345
2584,0.8716796040534973
17021,0.8561199307441711
4814,0.6245774030685425
3515,0.8006173968315125
1271,0.8957552313804626
17595,0.8265179395675659
645,0.7715306878089905
6422,0.7142760157585144
817,0.7452802062034607
662,0.5409508347511292
7673,0.6985712051391602
4518,0.5941221714019775
8226,0.8846489787101746
11579,0.8675001859664917
17063,0.863155722618103
12133,0.37675240635871887
8020,0.8837791681289673
9512,0.7153226733207703
9685,0.6053705811500549
14118,0.7254155874252319
15268,0.552638590335846
3218,0.7221333980560303
14595,0.914088249206543
7228,0.4335673749446869
11836,0.7286759614944458
12825,0.8047472238540649
1144,0.8998342156410217
1773,0.31922635436058044
5787,0.9342197775840759
5227,0.8824769854545593
12047,0.9445826411247253
13498,0.9215355515480042
8112,0.9623324871063232
6541,0.8230830430984497
835,0.6983444094657898
6242,0.9014491438865662
7021,0.8573037981987
13734,0.5460861325263977
5166,0.8141174912452698
12890,0.49415323138237
2479,0.9390425682067871
14619,0.7862215638160706
6439,0.8872289657592773
1076,0.33864256739616394
15707,0.3987191319465637
10066,0.844499945640564
14527,0.5369370579719543
1190,0.9026768803596497
2248,0.8816545605659485
6393,0.7851014733314514
13886,0.6941564679145813
17788,0.6727805733680725
10032,0.6789010167121887
2233,0.851047694683075
8744,0.8896756768226624
16664,0.7603492140769958
10795,0.8353421688079834
3487,0.7939485311508179
5964,0.8586453795433044
5596,0.941913902759552
213,0.6389655470848083
3132,0.8404194712638855
10253,0.44667717814445496
6712,0.8531962037086487
15717,0.8047472238540649
7567,0.8998814225196838
9149,0.634538471698761
4406,0.8933430910110474
13358,0.9478440880775452
12407,0.9175918102264404
3781,0.49982112646102905
7752,0.8829981684684753
8885,0.7687175273895264
6804,0.6805427670478821
12956,0.9442234635353088
9978,0.8324238061904907
12216,0.577933669090271
4839,0.9679242968559265
1362,0.7402147650718689
3805,0.9455808401107788
7675,0.6985712051391602
14321,0.6456246972084045
8624,0.696874737739563
13071,0.9039069414138794
8362,0.9685246348381042
1704,0.8059527277946472
16626,0.829737663269043
6300,0.9141640663146973
1392,0.8958486914634705
7765,0.7977354526519775
3496,0.7810489535331726
1043,0.7501528263092041
13408,0.5343947410583496
8480,0.8210744261741638
15812,0.8197727799415588
12804,0.6718539595603943
10750,0.909896731376648
10562,0.8338451385498047
3887,0.7871163487434387
17255,0.8511413335800171
4297,0.3842463493347168
4010,0.3914240896701813
10301,0.8743715882301331
6055,0.8632124662399292
1116,0.8757799863815308
15942,0.6886783242225647
6379,0.7055281400680542
1301,0.3805815577507019
2137,0.8430804014205933
2068,0.9024848341941833
16205,0.8516133427619934
16604,0.9442861080169678
1456,0.7890158295631409
11614,0.5174625515937805
6069,0.6695845127105713
3174,0.20955656468868256
15270,0.911787748336792
11431,0.8465984463691711
1841,0.8531962037086487
3961,0.566288411617279
12383,0.7274463176727295
3671,0.978857159614563
8196,0.8430804014205933
15541,0.7683015465736389
3661,0.9442234635353088
13926,0.7670576572418213
12366,0.7838857173919678
10408,0.7914524674415588
1597,0.8789153695106506
14999,0.7879540920257568
15673,0.7257126569747925
14553,0.7518997192382812
1849,0.8283604383468628
7141,0.6615144610404968
17,0.891603410243988
3414,0.9345234036445618
12565,0.7721226811408997
8323,0.9019261002540588
1998,0.7421929836273193
6962,0.895280659198761
10278,0.889826774597168
8953,0.9116140007972717
10152,0.9596002101898193
5331,0.7851014733314514
2651,0.7973741292953491
5286,0.8379449844360352
1082,0.5668803453445435
5734,0.8095791339874268
14784,0.9160305857658386
9653,0.7122015953063965
2695,0.7573413252830505
9960,0.8243321180343628
14288,0.8943284153938293
598,0.8491691946983337
14246,0.5751917362213135
1373,0.7300307154655457
11537,0.9321873784065247
17939,0.8888015747070312
13018,0.8059527277946472
15015,0.9041581153869629
11950,0.9155484437942505
12526,0.615490734577179
9102,0.920354425907135
17658,0.8554875254631042
2174,0.9438368678092957
10722,0.9451367855072021
15830,0.7760026454925537
6105,0.5769074559211731
12757,0.6389655470848083
3446,0.7494467496871948
2598,0.9264249801635742
2599,0.7951792478561401
9210,0.6656687259674072
16756,0.8563420176506042
7313,0.6305975914001465
13740,0.7949604392051697
15451,0.8982782959938049
14998,0.84615159034729
5120,0.8544743657112122
5125,0.8746823668479919
1683,0.6750591397285461
16041,0.8490159511566162
2502,0.41697782278060913
3737,0.748876690864563
3976,0.5208559036254883
3939,0.4706200361251831
9484,0.5577771663665771
2848,0.9357172846794128
9724,0.6223232746124268
556,0.9556108117103577
6991,0.8497132658958435
13617,0.8503286838531494
10670,0.9308042526245117
8163,0.7162074446678162
13439,0.9183671474456787
16957,0.7388173341751099
3291,0.7143614292144775
5154,0.5693915486335754
4808,0.7775159478187561
3601,0.5725132822990417
8645,0.644878625869751
7187,0.8896149396896362
10905,0.4855293929576874
2063,0.805841863155365
9199,0.8912160992622375
11154,0.9658688902854919
9987,0.8448308706283569
10280,0.8719788789749146
8578,0.8124039769172668
14389,0.7221254110336304
1766,0.6441622376441956
374,0.9198412299156189
2903,0.9049564599990845
12632,0.9118145108222961
12476,0.9555555582046509
8971,0.8805720806121826
14164,0.860905647277832
16365,0.9269590973854065
1961,0.8411619067192078
11782,0.8269007802009583
8068,0.8042247891426086
6240,0.8394075036048889
7626,0.8477367162704468
8939,0.8895232677459717
515,0.7605372667312622
9798,0.8751565217971802
16509,0.698951244354248
10863,0.8411619067192078
2275,0.6959566473960876
10262,0.7380104660987854
564,0.8905700445175171
4612,0.9394036531448364
7756,0.8400889039039612
3696,0.8338451385498047
10874,0.6926419734954834
11525,0.9233028292655945
3586,0.8447641730308533
11397,0.8411619067192078
3456,0.868149995803833
15305,0.7721226811408997
6633,0.6390014886856079
862,0.645507276058197
4237,0.6393375992774963
16771,0.843224048614502
13452,0.7931709289550781
12409,0.5865899324417114
11114,0.7242651581764221
3868,0.8682135343551636
5456,0.7837603092193604
1985,0.8653382658958435
219,0.7983972430229187
14746,0.8816545605659485
7229,0.5943830609321594
13313,0.6890725493431091
10399,0.5252840518951416
10095,0.6117479801177979
8639,0.9443643093109131
11818,0.6212150454521179
5791,0.8603655695915222
16047,0.6686956882476807
12394,0.7627353668212891
12414,0.5436752438545227
17227,0.7257126569747925
16436,0.8196229934692383
888,0.7289556860923767
15244,0.9249294400215149
3189,0.6566824316978455
16206,0.9556108117103577
5594,0.8324400186538696
5866,0.9142249226570129
9600,0.943026065826416
4168,0.8303384780883789
13877,0.8371734023094177
12323,0.48010486364364624
11591,0.8371488451957703
11129,0.7283546924591064
2290,0.8850009441375732
17843,0.8710815906524658
15027,0.9442234635353088
14582,0.9251685738563538
6426,0.16123467683792114
3138,0.9122642278671265
10964,0.8311364650726318
2182,0.9314553737640381
17797,0.8138497471809387
10581,0.9452276229858398
14342,0.5109902620315552
15849,0.611486554145813
17815,0.7238540649414062
11934,0.740861177444458
2889,0.7072915434837341
11137,0.8436837196350098
2461,0.8998342156410217
5017,0.7660913467407227
11783,0.630647599697113
3678,0.6454015374183655
9477,0.8017809391021729
10517,0.9466054439544678
10491,0.5768896341323853
1882,0.8771881461143494
8570,0.8846415281295776
15171,0.8027697801589966
3222,0.9281662702560425
16762,0.9169182181358337
13034,0.9194554686546326
8261,0.9586457014083862
4699,0.5413351655006409
5492,0.8816977143287659
8897,0.8640999794006348
14484,0.8875411152839661
3649,0.9679242968559265
17478,0.9369010329246521
6894,0.859387993812561
594,0.9026768803596497
9704,0.7455700039863586
17380,0.9194536805152893
6778,0.8525724411010742
3712,0.895890474319458
5079,0.867766261100769
1731,0.8145669102668762
10263,0.7037785053253174
3092,0.8949878811836243
11168,0.7775159478187561
10560,0.7723619937896729
4596,0.966234028339386
17279,0.5519317984580994
7095,0.865787148475647
10075,0.945835530757904
1196,0.7769363522529602
9204,0.6239777207374573
2119,0.8872624039649963
11972,0.7630123496055603
1859,0.8501075506210327
11984,0.9248709082603455
1761,0.8464367389678955
3365,0.9795874357223511
11324,0.7818294763565063
13262,0.8918532729148865
5573,0.8837791681289673
11283,0.9249294400215149
18013,0.859755277633667
13872,0.8188619613647461
13182,0.8789153695106506
1979,0.7238540649414062
17146,0.37648677825927734
7570,0.7860714793205261
15410,0.7983972430229187
14566,0.9596002101898193
17371,0.7634460926055908
1244,0.6197343468666077
17162,0.9249294400215149
4073,0.8524545431137085
3840,0.4679109752178192
5807,0.9249294400215149
14270,0.9882251024246216
9867,0.8046709895133972
9745,0.8531962037086487
2491,0.7622100710868835
2469,0.5426986813545227
198,0.5553115010261536
9682,0.9359803795814514
9775,0.5286443829536438
3674,0.7810750603675842
12797,0.7349056601524353
8673,0.9043678045272827
9453,0.8436976075172424
12280,0.9041581153869629
16968,0.8195391893386841
578,0.7147798538208008
8231,0.7460485696792603
16137,0.8843281865119934
4914,0.7454637289047241
15527,0.8167871832847595
17905,0.6683587431907654
1879,0.7539937496185303
17660,0.6069227457046509
12234,0.5489161610603333
7862,0.9558093547821045
1041,0.7837603092193604
3366,0.7899780869483948
8853,0.8795096278190613
5563,0.8138497471809387
11672,0.6669186949729919
11906,0.9053031802177429
2694,0.820320725440979
10452,0.9251372218132019
4625,0.8743715882301331
11654,0.7856714129447937
253,0.9025975465774536
6405,0.8047472238540649
14415,0.6231058239936829
9971,0.8890373706817627
16751,0.9201942682266235
11388,0.774156928062439
378,0.8214936256408691
9567,0.8760344386100769
301,0.8050550222396851
7204,0.9030091166496277
4911,0.688828706741333
13354,0.9601982831954956
504,0.7452751398086548
8064,0.80494624376297
5731,0.874143123626709
16296,0.9438368678092957
14427,0.933659553527832
4056,0.8816977143287659
7272,0.7431154847145081
7257,0.9075103402137756
16915,0.9394036531448364
8728,0.9345980286598206
12978,0.7605642676353455
1922,0.5810973644256592
2775,0.8728399276733398
14581,0.7688173055648804
582,0.5298856496810913
4654,0.7443881630897522
1530,0.18284332752227783
2747,0.8852565884590149
5748,0.91346675157547
10226,0.6444677710533142
16363,0.8114439845085144
11795,0.9072878956794739
17703,0.2717466652393341
4993,0.5817944407463074
17313,0.8111780285835266
9150,0.7692344784736633
15936,0.8228935599327087
4017,0.9528740048408508
3994,0.9071975350379944
15789,0.8606451153755188
5868,0.9630628824234009
5062,0.9085837006568909
5488,0.9424412250518799
3044,0.3867134749889374
1869,0.8946327567100525
17217,0.3338016867637634
1739,0.5654006004333496
14686,0.9014491438865662
11514,0.7492614388465881
8667,0.8441230654716492
13697,0.8105359673500061
15153,0.6728721261024475
4742,0.5952337384223938
17874,0.8482673168182373
6889,0.7792547345161438
15239,0.943026065826416
17598,0.8555786609649658
2177,0.6390014886856079
5218,0.7050585150718689
5683,0.6957508325576782
2927,0.6910498738288879
15633,0.8823853135108948
448,0.91346675157547
12625,0.7914524674415588
3988,0.5861639976501465
2089,0.5024054050445557
2213,0.8086228370666504
6949,0.8519662618637085
9138,0.8822187781333923
10290,0.6685002446174622
10773,0.7505858540534973
7633,0.8374559879302979
6463,0.8828719854354858
4637,0.9197725653648376
1507,0.6788537502288818
12466,0.4607633650302887
12096,0.8100842833518982
16474,0.8539756536483765
17088,0.8710815906524658
14770,0.8395931720733643
11253,0.8243321180343628
1203,0.8561350107192993
9656,0.8095611333847046
4559,0.7696914076805115
7581,0.8896149396896362
9289,0.9089811444282532
7523,0.7545583844184875
2016,0.8080856800079346
17552,0.9556108117103577
16677,0.6270053386688232
702,0.9455808401107788
871,0.870387613773346
13448,0.7685267925262451
1003,0.6605599522590637
8736,0.6390014886856079
6372,0.7545583844184875
13596,0.5030844807624817
17635,0.9685246348381042
11049,0.8243321180343628
12301,0.781692624092102
8332,0.6957508325576782
14869,0.8214886784553528
12957,0.8721539974212646
13852,0.49415323138237
16001,0.8073303699493408
17711,0.838288426399231
9403,0.6478212475776672
8944,0.8010472059249878
1866,0.9324706792831421
15170,0.9062577486038208
1349,0.843224048614502
10535,0.6092987060546875
13096,0.8214886784553528
7604,0.8116415143013
15290,0.7218077182769775
14184,0.6194061636924744
16641,0.6551520824432373
14142,0.8896756768226624
4510,0.6890725493431091
753,0.8537530899047852
8947,0.8661863207817078
12351,0.7970438003540039
15378,0.8847251534461975
16155,0.6372732520103455
17820,0.5628548860549927
12835,0.6892229914665222
4791,0.8976640105247498
10283,0.6893309354782104
656,0.7692082524299622
9058,0.8188076019287109
3182,0.9233028292655945
1941,0.6855305433273315
9118,0.8434710502624512
2416,0.8514641523361206
15570,0.9596002101898193
11405,0.8215708136558533
15262,0.9611316323280334
11677,0.8157065510749817
12388,0.47477373480796814
3053,0.9019657373428345
8653,0.7860714793205261
11986,0.8421458601951599
16816,0.9513801336288452
8356,0.9103752374649048
21,0.8795096278190613
1626,0.8157762289047241
5034,0.8743715882301331
7303,0.912129819393158
266,0.9351547360420227
8888,0.8519662618637085
1302,0.9614081382751465
9404,0.8652431964874268
11387,0.7605372667312622
11605,0.8810044527053833
10258,0.9039069414138794
8202,0.6803100109100342
10947,0.7161172032356262
5547,0.6702701449394226
13431,0.8421458601951599
2401,0.7277352809906006
7822,0.9039733409881592
9718,0.12568071484565735
4877,0.3987191319465637
14013,0.7732840180397034
12966,0.85160231590271
6344,0.8906949758529663
16291,0.9047865271568298
16948,0.8001657724380493
6230,0.8931479454040527
11464,0.8986666202545166
14790,0.9262705445289612
1619,0.7069131731987
11968,0.9264249801635742
722,0.9148988723754883
11074,0.9107390642166138
15622,0.8763023018836975
9363,0.9283146858215332
7713,0.715585470199585
5574,0.9178571701049805
4521,0.8371734023094177
10839,0.555496096611023
14387,0.8909326791763306
3151,0.9024848341941833
13943,0.8649163842201233
2832,0.9249294400215149
1531,0.9024848341941833
10406,0.9124870300292969
4376,0.6667693853378296
15825,0.8105953335762024
3130,0.7884731888771057
11524,0.9149684309959412
14965,0.8024721145629883
12444,0.8030934929847717
8328,0.8595136404037476
6969,0.8902889490127563
1828,0.44667717814445496
7325,0.6675364375114441
1694,0.8268673419952393
8589,0.6034425497055054
16807,0.8265791535377502
10133,0.8798930048942566
12395,0.7002002000808716
13406,0.6929295063018799
5643,0.9264249801635742
1173,0.8482673168182373
9533,0.8519662618637085
16134,0.723430871963501
13626,0.9014641642570496
2023,0.93827885389328
10198,0.742393970489502
15253,0.33864256739616394
10625,0.7597797513008118
7733,0.8511413335800171
2146,0.8466522693634033
13019,0.8440780639648438
4548,0.9426867365837097
3231,0.6441332697868347
7936,0.6197343468666077
15516,0.9294019341468811
4348,0.9471377730369568
15169,0.7145804762840271
9516,0.7308436036109924
13263,0.9294019341468811
3187,0.5276253819465637
16449,0.8499538898468018
5544,0.8448227047920227
3199,0.5713632106781006
6976,0.9522677063941956
1195,0.6903533339500427
4090,0.943026065826416
5834,0.8480966687202454
1167,0.885076642036438
15445,0.9395963549613953
5423,0.5472671389579773
8595,0.6356477737426758
6593,0.8852110505104065
15692,0.8195391893386841
17653,0.8896029591560364
11947,0.8311364650726318
8962,0.8903063535690308
4704,0.6069227457046509
16653,0.8338192105293274
3798,0.9126153588294983
15917,0.9614081382751465
13531,0.5192912220954895
13514,0.7773647308349609
14259,0.9116528034210205
16127,0.8989467620849609
9130,0.7973741292953491
15955,0.6562579870223999
16777,0.8647060990333557
4508,0.9366248846054077
4175,0.9205927848815918
17697,0.9685246348381042
2623,0.9543617367744446
2464,0.8230443596839905
7973,0.9426867365837097
8566,0.5752430558204651
383,0.9384933114051819
10078,0.7329598069190979
9278,0.37776026129722595
4199,0.9542904496192932
4254,0.6743596196174622
7832,0.5558558106422424
8194,0.9487248659133911
17208,0.8280451893806458
8198,0.8829999566078186
930,0.9416824579238892
4273,0.5654006004333496
13335,0.7838209867477417
16000,0.943026065826416
8545,0.6961552500724792
14541,0.8989467620849609
1665,0.7600944638252258
10831,0.7340112328529358
9695,0.8242458701133728
9956,0.8637406826019287
1109,0.2603689730167389
931,0.818972647190094
540,0.8829981684684753
12516,0.39827975630760193
2681,0.47860634326934814
18018,0.7982656359672546
11617,0.8522633910179138
13932,0.9079853892326355
10803,0.9668752551078796
11237,0.9596002101898193
4212,0.7329598069190979
2717,0.9351547360420227
11687,0.6492592692375183
10847,0.3805815577507019
13650,0.8998929858207703
8382,0.9697461724281311
9508,0.9679242968559265
1676,0.4284735918045044
644,0.9345234036445618
4562,0.7489079833030701
11895,0.48595142364501953
15310,0.4491843581199646
4371,0.7486425042152405
15393,0.9324706792831421
879,0.7608186602592468
2349,0.8982782959938049
9766,0.9188802242279053
7924,0.8715888857841492
6726,0.8932617902755737
11820,0.31922635436058044
10490,0.9442234635353088
9398,0.8687472939491272
12235,0.8338879346847534
11890,0.909967303276062
4202,0.6446415185928345
15523,0.8006173968315125
5464,0.912129819393158
4684,0.5416144728660583
1459,0.5766870379447937
8102,0.8404738306999207
14650,0.8719788789749146
10956,0.9382457733154297
384,0.8379346132278442
10583,0.885719358921051
5442,0.6886783242225647
17107,0.6289170980453491
6486,0.974079966545105
12239,0.8303666710853577
10553,0.9596251249313354
3112,0.8876892328262329
12747,0.8749561309814453
14498,0.7938445806503296
16770,0.7265132069587708
14048,0.9239354133605957
12785,0.7760026454925537
13816,0.8749432563781738
14800,0.7692344784736633
4960,0.7308436036109924
13362,0.840903103351593
8714,0.908065676689148
12032,0.8644960522651672
16433,0.9175918102264404
8370,0.5751590132713318
5378,0.4645567834377289
8001,0.4337066411972046
12291,0.65296870470047
14852,0.9235600233078003
10836,0.8263422250747681
4055,0.43247926235198975
17316,0.9126153588294983
3476,0.860905647277832
8516,0.701004147529602
11521,0.9047865271568298
1405,0.8315209746360779
13642,0.8464142084121704
13587,0.8394075036048889
3415,0.7221254110336304
17995,0.9284437298774719
16065,0.8440018892288208
14335,0.8409013152122498
8514,0.90586918592453
4760,0.7071059942245483
4642,0.8848069906234741
17040,0.2819894254207611
7338,0.7422751784324646
2062,0.8820225596427917
9662,0.5542789101600647
13503,0.8760344386100769
7217,0.6336912512779236
7899,0.8717463612556458
3858,0.8647060990333557
11893,0.8175224661827087
5757,0.9024102687835693
2420,0.7084453105926514
17769,0.9379881620407104
14180,0.7123432159423828
12988,0.9752689599990845
15610,0.8041678667068481
1141,0.854912281036377
7963,0.8913785815238953
2799,0.7088091373443604
9930,0.41152602434158325
8209,0.41003403067588806
2268,0.7933538556098938
430,0.9124870300292969
5321,0.9008452892303467
89,0.7006127834320068
15558,0.9697461724281311
16582,0.4480137825012207
15282,0.7426171898841858
12802,0.7828882336616516
14139,0.7541710138320923
5806,0.8586453795433044
14320,0.645507276058197
2768,0.6790295839309692
7113,0.7539804577827454
2762,0.6492592692375183
16564,0.6959566473960876
4648,0.885719358921051
1152,0.8609153628349304
239,0.8193351626396179
16197,0.5613909363746643
8889,0.8469088077545166
16748,0.7987582087516785
5586,0.9361637830734253
1948,0.9455586671829224
12443,0.5468999743461609
361,0.9150566458702087
8528,0.8245639204978943
201,0.4337066411972046
12248,0.777829647064209
8389,0.7238540649414062
8553,0.8470353484153748
13392,0.7614814639091492
15065,0.7236528992652893
3811,0.9247120022773743
16791,0.8526242971420288
7578,0.8335676193237305
1105,0.8706110119819641
13610,0.8421458601951599
16207,0.8801316618919373
11979,0.8706991076469421
6706,0.8130607008934021
5174,0.8314334154129028
778,0.5427186489105225
9726,0.8678327202796936
13710,0.932887852191925
10634,0.7973741292953491
11862,0.8662683963775635
9196,0.499843955039978
7769,0.9269821047782898
13721,0.759472668170929
6229,0.8077750205993652
13635,0.8802079558372498
12854,0.652556836605072
8381,0.919130802154541
1440,0.9588670134544373
7882,0.8847251534461975
16157,0.9026768803596497
2336,0.8323793411254883
9750,0.5188220739364624
9759,0.6034425497055054
16184,0.8801997303962708
14655,0.8989667296409607
13837,0.8155673742294312
10621,0.9079853892326355
4363,0.8909326791763306
13568,0.9339243769645691
7343,0.9556108117103577
9088,0.8165096640586853
6954,0.9596002101898193
1486,0.7085846066474915
6343,0.8563420176506042
16398,0.7526704668998718
15156,0.7769363522529602
8060,0.9075103402137756
15583,0.5416144728660583
5735,0.9424419403076172
13451,0.8619617819786072
12790,0.7139142155647278
8588,0.611486554145813
15399,0.9487248659133911
17360,0.8156688213348389
5788,0.9047865271568298
14418,0.8501001596450806
11255,0.9455586671829224
9183,0.8473895788192749
4117,0.8279725313186646
9076,0.9036588072776794
4700,0.7549939155578613
17349,0.4811059832572937
15096,0.7544658780097961
16225,0.8526044487953186
12472,0.726816713809967
11539,0.7142760157585144
5977,0.9413711428642273
12575,0.30371636152267456
9855,0.7863160371780396
925,0.575065553188324
14528,0.8923328518867493
7685,0.7005746364593506
12246,0.9345234036445618
9018,0.8271660208702087
13928,0.7898216247558594
1334,0.8808605670928955
6186,0.5899377465248108
14490,0.9658688902854919
17020,0.3098205029964447
11732,0.9292817711830139
16734,0.9246976971626282
12076,0.7649860382080078
3947,0.8943593502044678
7437,0.7638354897499084
7525,0.7032710909843445
1746,0.8423165082931519
6342,0.911787748336792
6970,0.795490026473999
7655,0.7645167708396912
14402,0.9332594275474548
12586,0.779618501663208
9908,0.9039069414138794
6458,0.8682135343551636
10910,0.9384933114051819
1924,0.39827975630760193
17878,0.7840354442596436
12705,0.9204159379005432
2312,0.9441627860069275
4805,0.9195499420166016
10959,0.9160305857658386
17965,0.7367054224014282
1055,0.6717872023582458
7319,0.9339243769645691
7029,0.8477367162704468
2017,0.9127272963523865
7622,0.9240538477897644
5176,0.840903103351593
3475,0.9442234635353088
8,0.9614081382751465
22,0.5519219040870667
10369,0.7209859490394592
17663,0.7700888514518738
15012,0.7973741292953491
7472,0.6329740881919861
10612,0.8744404911994934
15663,0.7526763677597046
17942,0.8843192458152771
12829,0.8782822489738464
3763,0.684730052947998
17872,0.8113543391227722
7716,0.8171943426132202
10973,0.8249732255935669
14792,0.6892229914665222
16168,0.852939784526825
17504,0.8574275970458984
4664,0.6519035696983337
13965,0.8494858145713806
10150,0.7856670618057251
16558,0.7622100710868835
10909,0.8120450377464294
5332,0.8101162314414978
14788,0.9262705445289612
7559,0.9298399686813354
3399,0.8394075036048889
8720,0.7272021174430847
6721,0.8318440914154053
11936,0.8415945768356323
8272,0.84615159034729
12713,0.7101758122444153
5070,0.7633925080299377
992,0.8338451385498047
9599,0.8890507221221924
3166,0.8890507221221924
5484,0.6239777207374573
8335,0.8771881461143494
11872,0.5119641423225403
15985,0.2982339859008789
10735,0.9379881620407104
10216,0.9618418216705322
9410,0.9528740048408508
5413,0.6092134118080139
16982,0.735177755355835
4345,0.8652237057685852
5273,0.8908573985099792
17087,0.7152283787727356
17558,0.5761982202529907
4496,0.8482237458229065
5233,0.6794800758361816
13909,0.6520951390266418
9080,0.7238540649414062
17068,0.859755277633667
16322,0.901626706123352
9291,0.7268483638763428
6098,0.8677916526794434
2703,0.8710815906524658
3610,0.5252840518951416
878,0.6041963696479797
8158,0.6137171983718872
12242,0.7633185982704163
7727,0.8486308455467224
11497,0.7752119898796082
11176,0.851047694683075
9986,0.6272948980331421
7826,0.8151123523712158
7971,0.6903533339500427
6957,0.7981327176094055
11048,0.935246467590332
804,0.8271244168281555
10755,0.7605642676353455
12013,0.5006027221679688
17812,0.8332141041755676
2752,0.7454637289047241
7425,0.8519293069839478
4987,0.7751111388206482
9871,0.9212911128997803
4163,0.7900756001472473
15710,0.4583599269390106
8658,0.4547490179538727
7119,0.7085846066474915
10217,0.7258894443511963
6925,0.9508677124977112
4733,0.8481873869895935
8477,0.5228808522224426
4752,0.7637268900871277
5114,0.6527766585350037
15397,0.9392989873886108
5382,0.41152602434158325
18065,0.6416499018669128
2143,0.594003438949585
5853,0.6476971507072449
10885,0.837094783782959
15661,0.9192606210708618
11309,0.5726286172866821
13118,0.725516676902771
10020,0.8418522477149963
14840,0.6551520824432373
14454,0.747145414352417
14114,0.9645280241966248
12882,0.8572331666946411
18060,0.7979394197463989
4533,0.7006127834320068
4215,0.6497267484664917
9644,0.8855143785476685
17819,0.8421458601951599
11575,0.6916474103927612
2456,0.4473188519477844
1199,0.9018580913543701
11541,0.837094783782959
12580,0.9442234635353088
8591,0.863120436668396
10542,0.7933538556098938
11062,0.8383349180221558
8273,0.8943963646888733
16443,0.8670250773429871
983,0.7460485696792603
8441,0.8154409527778625
1259,0.8379346132278442
2262,0.8888214826583862
11981,0.3490530252456665
2781,0.8920016288757324
12634,0.8694658279418945
8552,0.8019838333129883
66,0.8882144093513489
14899,0.9160305857658386
8822,0.18284332752227783
17202,0.8353421688079834
1663,0.4761885404586792
5097,0.7751669883728027
1952,0.7928240299224854
1689,0.8921635746955872
13726,0.8829981684684753
15114,0.9050033092498779
12151,0.9278849363327026
7211,0.7243553400039673
6544,0.8059527277946472
14291,0.579792857170105
17081,0.5952337384223938
11690,0.9611316323280334
6123,0.4607633650302887
7779,0.8801997303962708
13065,0.9260426163673401
5122,0.7340112328529358
13919,0.8598370552062988
8956,0.890292763710022
1408,0.6826841235160828
10137,0.5577771663665771
3642,0.5249350666999817
13589,0.6545453667640686
9051,0.9556118249893188
15817,0.9235600233078003
13815,0.9816151261329651
13063,0.9419331550598145
1736,0.8977662324905396
7661,0.8201947808265686
1625,0.9063447713851929
9746,0.7751669883728027
13841,0.8603655695915222
16211,0.943026065826416
15195,0.9187007546424866
14480,0.439948171377182
4614,0.9219628572463989
9700,0.8165096640586853
17822,0.4706200361251831
4734,0.43182116746902466
11007,0.8716796040534973
12796,0.7122997045516968
3084,0.931536078453064
2360,0.9442861080169678
9342,0.898210883140564
12035,0.7772120237350464
15010,0.8161250948905945
16307,0.8816977143287659
5570,0.8960242867469788
10398,0.8011091947555542
13813,0.7655907869338989
8424,0.5725132822990417
8626,0.688923180103302
1695,0.966234028339386
7006,0.9413711428642273
15950,0.7133384943008423
4424,0.9478764533996582
3782,0.8564385175704956
1296,0.19513705372810364
10397,0.944877028465271
8554,0.8597851395606995
3579,0.8404738306999207
17111,0.9175918102264404
6448,0.7937119007110596
16693,0.9395963549613953
1935,0.8665066361427307
12339,0.8674581050872803
2257,0.8371734023094177
11311,0.7859240770339966
15478,0.9110667705535889
11774,0.8675001859664917
4247,0.9478440880775452
10401,0.8867190480232239
15085,0.43380096554756165
16859,0.86448073387146
14696,0.9489899277687073
6322,0.6042304635047913
15658,0.9656074047088623
9358,0.7630123496055603
4900,0.8307724595069885
12686,0.7494467496871948
11804,0.6329838633537292
2408,0.8816977143287659
5059,0.9190111756324768
13157,0.5454111695289612
2507,0.8011091947555542
14991,0.8900981545448303
11716,0.9098478555679321
4640,0.740537166595459
15877,0.747443675994873
13923,0.8958486914634705
10348,0.8047472238540649
7200,0.47388243675231934
2178,0.8338879346847534
4222,0.8658764958381653
4707,0.4595630168914795
11765,0.6984519362449646
12093,0.6627215147018433
3864,0.889143168926239
17568,0.9450793862342834
17535,0.8829981684684753
429,0.8221436738967896
12420,0.5748743414878845
10300,0.675175130367279
5144,0.8488893508911133
17192,0.7349056601524353
7206,0.41697782278060913
11152,0.396100252866745
2410,0.8906949758529663
2922,0.8159242868423462
153,0.7516268491744995
15340,0.7070977091789246
1179,0.9205927848815918
1737,0.539692759513855
5511,0.9452912211418152
14847,0.8008713722229004
4352,0.8489398956298828
864,0.85887211561203
12485,0.8525724411010742
5324,0.5371774435043335
4454,0.6595708727836609
10968,0.6689608693122864
1743,0.8116415143013
12677,0.7949604392051697
14252,0.8718206882476807
5146,0.9100146889686584
14235,0.9445826411247253
2846,0.6794800758361816
1634,0.8240814805030823
12453,0.6985712051391602
738,0.911787748336792
779,0.8325037360191345
4417,0.9442234635353088
12318,0.8994127511978149
5476,0.879838764667511
10925,0.7161172032356262
3145,0.943026065826416
17236,0.9199275970458984
4026,0.8263834714889526
7152,0.9054276347160339
15388,0.8056753277778625
9786,0.9793490171432495
7073,0.5774356722831726
3958,0.6016485691070557
6932,0.8539756536483765
4907,0.8075312376022339
18035,0.6699240207672119
11312,0.8983338475227356
12818,0.7749044299125671
11045,0.773195743560791
6753,0.9652464985847473
11332,0.8458224534988403
15520,0.7535305023193359
3035,0.9478440880775452
14087,0.6301108002662659
14378,0.6683587431907654
610,0.7110896706581116
9009,0.7988300919532776
14674,0.8552762866020203
3825,0.6197343468666077
11802,0.31784090399742126
15257,0.775855302810669
13990,0.6711422204971313
3786,0.940911054611206
5530,0.925092339515686
9720,0.8983338475227356
7784,0.7386719584465027
916,0.7993939518928528
2727,0.801314115524292
2678,0.31922635436058044
348,0.8178790211677551
16298,0.424072802066803
11892,0.8618014454841614
7647,0.8359611630439758
11509,0.7533422708511353
14003,0.8875411152839661
3027,0.9262246489524841
17203,0.5282893180847168
5624,0.7973741292953491
16992,0.9284437298774719
12665,0.8348495960235596
2729,0.9001713991165161
7225,0.8068596124649048
13490,0.310215026140213
8118,0.9403362274169922
5736,0.823604941368103
4835,0.9399908185005188
5229,0.9124870300292969
774,0.9133713245391846
16009,0.7473838329315186
8330,0.9127814769744873
7908,0.7955753207206726
6597,0.9336163401603699
6551,0.7223737239837646
2534,0.5286443829536438
13311,0.9426867365837097
10556,0.6497560739517212
13468,0.8470353484153748
12970,0.9919503927230835
8506,0.5976483821868896
13291,0.684772789478302
10563,0.9343481063842773
6017,0.7654858231544495
13446,0.7218077182769775
8948,0.7407519817352295
16257,0.7864233255386353
11080,0.872276782989502
796,0.860905647277832
7590,0.3469094932079315
7847,0.868999719619751
6231,0.925857424736023
13856,0.8508301973342896
16922,0.9455074071884155
306,0.6877562403678894
1338,0.8101992011070251
17097,0.6997846961021423
4007,0.9679242968559265
10908,0.8763023018836975
13499,0.8677831292152405
15804,0.7228377461433411
16390,0.7903928160667419
17336,0.9079853892326355
2798,0.8696345686912537
16341,0.8141858577728271
15154,0.818165123462677
5708,0.91346675157547
17290,0.8674184083938599
12852,0.8195391893386841
15688,0.8068596124649048
6366,0.7435107231140137
14019,0.8661863207817078
16100,0.9228066802024841
14011,0.7775159478187561
17133,0.7054967880249023
2480,0.8033865690231323
14464,0.7481786608695984
5348,0.8258581757545471
5645,0.7139142155647278
4356,0.9556118249893188
1078,0.6814271211624146
11416,0.5883009433746338
17542,0.7258894443511963
11474,0.45186617970466614
12741,0.7753257751464844
7708,0.7851014733314514
15390,0.5781301259994507
13271,0.6444677710533142
5467,0.7446479797363281
11707,0.814949631690979
14762,0.6985712051391602
5967,0.876221776008606
15981,0.8340955376625061
15736,0.7312968373298645
3247,0.6708914041519165
10284,0.9651251435279846
2159,0.9611316323280334
12356,0.9442234635353088
8347,0.634942889213562
7701,0.5752430558204651
3413,0.9098478555679321
15312,0.8409013152122498
972,0.8030934929847717
2691,0.9442861080169678
8041,0.902370035648346
1465,0.8966788053512573
17531,0.9293779134750366
4903,0.954129695892334
8914,0.621512770652771
6232,0.7581990361213684
16302,0.896882176399231
13902,0.7192824482917786
8307,0.8998342156410217
9062,0.8060369491577148
16619,0.8337985873222351
12858,0.735177755355835
6168,0.5150390863418579
4696,0.7526763677597046
13206,0.8353421688079834
6920,0.8511326909065247
17289,0.9050033092498779
12807,0.9321085810661316
5480,0.6740105748176575
3237,0.8648645281791687
4632,0.8672112226486206
16321,0.7608186602592468
14641,0.9795874357223511
7741,0.8652486205101013
9015,0.5776100754737854
10421,0.9596251249313354
14172,0.7343132495880127
12571,0.8393533229827881
7174,0.4073905050754547
15839,0.8906949758529663
5354,0.861094057559967
10006,0.49415323138237
6831,0.7054452896118164
2637,0.6092987060546875
1898,0.8070192337036133
14735,0.9573835134506226
13584,0.8958486914634705
7241,0.889143168926239
14351,0.8829981684684753
12146,0.9160305857658386
4332,0.8195391893386841
17879,0.738460123538971
681,0.9569403529167175
11917,0.8983338475227356
14348,0.8807951211929321
3714,0.7637829184532166
5839,0.911533534526825
128,0.7268483638763428
12102,0.7153216600418091
7237,0.547002911567688
11553,0.6197343468666077
16610,0.870387613773346
14143,0.8420754075050354
1426,0.3313448131084442
3266,0.940911054611206
13032,0.9426867365837097
6543,0.9658688902854919
5375,0.5100913643836975
7245,0.49176737666130066
15466,0.8105953335762024
9351,0.7535305023193359
4946,0.9350823760032654
16002,0.8427101373672485
6126,0.8797377347946167
3045,0.41152602434158325
8527,0.8027697801589966
13590,0.9126445651054382
7374,0.6075534224510193
10623,0.8943898677825928
7839,0.8733381032943726
7743,0.6683587431907654
13336,0.6702665090560913
14311,0.8828730583190918
4597,0.8530837297439575
8164,0.8773375749588013
2698,0.5148927569389343
6081,0.7535305023193359
6096,0.7086193561553955
9887,0.9473983645439148
7903,0.8829999566078186
14375,0.8292306661605835
6407,0.9507150650024414
459,0.863155722618103
11993,0.7998768091201782
387,0.829580545425415
14155,0.8396924138069153
16842,0.8602524995803833
14648,0.8878205418586731
2166,0.6443958282470703
3076,0.9041581153869629
17696,0.8558689951896667
9645,0.7834754586219788
9341,0.6894722580909729
17466,0.8603655695915222
8173,0.7721134424209595
14988,0.9596002101898193
12317,0.9178571701049805
9896,0.30371636152267456
9715,0.7696581482887268
2147,0.8129122853279114
13447,0.7489013075828552
7004,0.7886472344398499
11189,0.5726286172866821
3522,0.9623476266860962
18024,0.9342252016067505
14689,0.6337386965751648
14113,0.9816151261329651
7288,0.48010486364364624
15993,0.71455979347229
12989,0.6374830603599548
10967,0.7223737239837646
10177,0.9049564599990845
1107,0.8161250948905945
5365,0.7987582087516785
14672,0.6239777207374573
1864,0.940911054611206
7407,0.8556296825408936
16694,0.8323793411254883
4292,0.9442234635353088
14028,0.9020976424217224
17857,0.8819496035575867
2038,0.7651125192642212
1389,0.92243891954422
14957,0.9392989873886108
11016,0.7481715083122253
17222,0.9451367855072021
10559,0.6740105748176575
10120,0.868999719619751
6321,0.7602711319923401
2972,0.6866531372070312
9035,0.6779134273529053
4882,0.6596646904945374
4232,0.940911054611206
9649,0.8470099568367004
11429,0.7981327176094055
12544,0.853240966796875
2008,0.8530130386352539
3375,0.8658364415168762
9344,0.7690324187278748
7648,0.7703951597213745
12598,0.421572208404541
13915,0.659574031829834
7263,0.9293321967124939
9093,0.797573447227478
13629,0.6732540130615234
8399,0.633868396282196
3482,0.6939143538475037
1925,0.8945305943489075
12832,0.815597653388977
5417,0.7069131731987
15373,0.6125386953353882
8293,0.7006127834320068
13457,0.8122185468673706
9875,0.5649500489234924
1170,0.8958486914634705
12284,0.7280478477478027
1918,0.8763636350631714
1899,0.8105953335762024
9292,0.9047865271568298
6797,0.7349056601524353
147,0.8197497129440308
5607,0.6932967901229858
16085,0.7444044351577759
14909,0.6389655470848083
2924,0.843224048614502
14385,0.9495145678520203
12833,0.823604941368103
663,0.6617579460144043
9849,0.6860774159431458
11940,0.8038879036903381
14146,0.6411927342414856
6292,0.8738900423049927
13028,0.8716701865196228
4862,0.8888015747070312
9947,0.8832926154136658
9364,0.7072268128395081
4952,0.8305394649505615
824,0.6018836498260498
3444,0.9442341327667236
14283,0.8448308706283569
264,0.7400282621383667
12714,0.9175918102264404
146,0.9254903197288513
12641,0.5697425603866577
318,0.9080337285995483
2624,0.8798930048942566
2342,0.9419636130332947
4458,0.7996588945388794
6980,0.8696345686912537
16809,0.844019889831543
5319,0.9361637830734253
16391,0.7772293090820312
6088,0.9103752374649048
17782,0.8318522572517395
12706,0.6686956882476807
9727,0.8998814225196838
11656,0.7133384943008423
6450,0.8232826590538025
11386,0.5030044317245483
6599,0.5097666382789612
16434,0.8141972422599792
8995,0.8606451153755188
2202,0.6060950756072998
9107,0.8116415143013
6196,0.707537829875946
15528,0.7605642676353455
4502,0.43127718567848206
15915,0.9235600233078003
9592,0.3024466931819916
7904,0.8755961656570435
11517,0.8838062286376953
13538,0.8393687605857849
6071,0.8009047508239746
2350,0.6390014886856079
7346,0.8680901527404785
4314,0.8138467073440552
15494,0.7768074870109558
6378,0.8279725313186646
7616,0.6197343468666077
4939,0.8902226686477661
11812,0.20584583282470703
10890,0.7380104660987854
874,0.8421458601951599
13884,0.8896149396896362
13864,0.8096307516098022
13234,0.90586918592453
1884,0.8162887692451477
13332,0.8409392833709717
6953,0.8470353484153748
11565,0.8552567362785339
1562,0.8867192268371582
898,0.8890987038612366
10907,0.9478440880775452
14338,0.8990185260772705
8637,0.8855143785476685
9969,0.7272021174430847
17324,0.6675364375114441
12149,0.7431958317756653
13319,0.7642056345939636
10894,0.9623324871063232
11258,0.7238540649414062
11171,0.9071975350379944
13951,0.5030044317245483
8851,0.8567860722541809
9017,0.6108200550079346
9687,0.762701690196991
12655,0.9543617367744446
15794,0.8341281414031982
1710,0.7927890419960022
4978,0.6305645704269409
13075,0.7777470946311951
5246,0.8128708600997925
13052,0.7452751398086548
12631,0.8371488451957703
15652,0.7222400903701782
11205,0.933659553527832
795,0.6892229914665222
5268,0.7950731515884399
7428,0.8262487649917603
2753,0.7292323708534241
12086,0.8585538864135742
8660,0.9478440880775452
5909,0.8987957239151001
9066,0.7296228408813477
12837,0.8789153695106506
13423,0.7633059620857239
6535,0.8859512209892273
9133,0.7006127834320068
13675,0.628071129322052
563,0.588075578212738
2603,0.5533085465431213
4647,0.6399815082550049
12963,0.6099938750267029
4475,0.8040865659713745
15233,0.6463632583618164
13879,0.8120450377464294
15960,0.8175224661827087
190,0.6486713886260986
3319,0.7511218786239624
16716,0.8795096278190613
7643,0.6309423446655273
17265,0.7153216600418091
2609,0.7850115299224854
16961,0.7494467496871948
5025,0.9611316323280334
5926,0.9614081382751465
12415,0.8829981684684753
17694,0.7877094149589539
16351,0.5174625515937805
17651,0.898830235004425
15367,0.93719482421875
13016,0.7444044351577759
2084,0.8001657724380493
962,0.8525724411010742
325,0.870387613773346
17665,0.830346405506134
14325,0.9246976971626282
17988,0.9204159379005432
13012,0.5905972123146057
12885,0.6847482919692993
17589,0.9428561329841614
15213,0.5751590132713318
6669,0.684730052947998
9,0.956979513168335
987,0.9342827200889587
1700,0.8716796040534973
11202,0.6830624341964722
14309,0.8531962037086487
17643,0.5654006004333496
15004,0.9197567105293274
1102,0.8503943681716919
16422,0.8820225596427917
1587,0.951972246170044
17835,0.5489161610603333
6128,0.7885162234306335
13738,0.8802438974380493
5696,0.7224500179290771
269,0.4103451073169708
17987,0.8342758417129517
7671,0.5651021599769592
11180,0.943026065826416
573,0.899752140045166
4242,0.7025995850563049
12865,0.7957561016082764
6244,0.8709076046943665
15866,0.9630628824234009
5875,0.8379346132278442
3991,0.9455074071884155
8008,0.9369010329246521
4928,0.41678258776664734
3913,0.7297327518463135
9014,0.979085385799408
17849,0.7494467496871948
10871,0.37776026129722595
8865,0.8759623765945435
17722,0.8437069654464722
12321,0.8327032923698425
14990,0.8728399276733398
1323,0.47861725091934204
2031,0.9384933114051819
12690,0.6917757391929626
17434,0.86448073387146
12308,0.5579354166984558
15880,0.5625526905059814
477,0.966234028339386
5066,0.7914963364601135
17779,0.8342758417129517
2527,0.6708490252494812
840,0.8896149396896362
9596,0.20345228910446167
5064,0.6809528470039368
14030,0.8539756536483765
17910,0.8564726114273071
2056,0.8631995916366577
4078,0.6456246972084045
10179,0.793925404548645
4840,0.8111494779586792
3175,0.8073303699493408
16691,0.8539756536483765
16642,0.8933430910110474
9904,0.9623476266860962
4581,0.8491691946983337
11798,0.9350115656852722
1500,0.9029639959335327
13869,0.8294393420219421
10529,0.6985712051391602
496,0.9284437298774719
10628,0.8501001596450806
15232,0.6390014886856079
13194,0.9623476266860962
7436,0.9452075958251953
2667,0.85887211561203
161,0.8863879442214966
1494,0.6239777207374573
10884,0.8391551971435547
7619,0.8682782649993896
4526,0.8348864912986755
14134,0.7745969295501709
16249,0.7802368998527527
5497,0.9262246489524841
6203,0.8477745652198792
10724,0.9481862783432007
8169,0.8939134478569031
2064,0.5197595357894897
4817,0.8516133427619934
8547,0.7372689247131348
9812,0.9614081382751465
97,0.7943540811538696
6201,0.8390045762062073
15828,0.7640549540519714
6289,0.9430352449417114
9439,0.5261526107788086
1797,0.8860702514648438
9769,0.49002325534820557
186,0.8125022649765015
17893,0.8801891207695007
10273,0.7024305462837219
3540,0.851047694683075
6938,0.8338879346847534
8850,0.8194775581359863
755,0.7865174412727356
16014,0.7541710138320923
17343,0.8195043802261353
14438,0.8862867951393127
875,0.922955334186554
5869,0.909967303276062
14898,0.8692634701728821
15386,0.6728721261024475
11621,0.49877628684043884
3430,0.9442234635353088
8871,0.7133384943008423
3603,0.6596646904945374
1942,0.7964200377464294
1591,0.8178790211677551
238,0.781083345413208
17917,0.6140299439430237
11110,0.7146100997924805
725,0.9392989873886108
9967,0.7844181060791016
3872,0.8086228370666504
4544,0.8696113228797913
7252,0.3578912019729614
15236,0.7943540811538696
9191,0.9419636130332947
4768,0.734603762626648
16198,0.9356251955032349
10813,0.9029639959335327
2937,0.9211271405220032
8030,0.524808943271637
11491,0.6939143538475037
5009,0.8544743657112122
11909,0.6958550810813904
15439,0.8615236282348633
17035,0.9521034955978394
7920,0.5174625515937805
11550,0.8349594473838806
10506,0.9262246489524841
8312,0.8678856492042542
9842,0.8340955376625061
1069,0.6629421710968018
9461,0.6009661555290222
13630,0.6399815082550049
9946,0.9358827471733093
5208,0.46980494260787964
13964,0.7460485696792603
9200,0.8943963646888733
1119,0.6606183052062988
1081,0.6719358563423157
16008,0.5865899324417114
5775,0.6444677710533142
16819,0.7056124806404114
11046,0.7585099339485168
3108,0.9240538477897644
13467,0.6983444094657898
2190,0.8192257881164551
6984,0.7689885497093201
13988,0.909967303276062
17418,0.9294813275337219
2311,0.865787148475647
11462,0.9049564599990845
1286,0.8379233479499817
16971,0.7572630047798157
4750,0.7928722500801086
8111,0.39262229204177856
6755,0.9495145678520203
4177,0.5848162174224854
3207,0.869798481464386
12749,0.7627353668212891
6159,0.6860774159431458
455,0.9452912211418152
14237,0.9466054439544678
13223,0.8998342156410217
2110,0.7421929836273193
14900,0.7455770373344421
2180,0.7977010011672974
7277,0.9463634490966797
3507,0.7236528992652893
3938,0.8434710502624512
312,0.9158408045768738
2478,0.9133713245391846
2107,0.90586918592453
6928,0.8611617684364319
16634,0.9323209524154663
15377,0.529254138469696
16947,0.628071129322052
12873,0.5489161610603333
17270,0.9426867365837097
5951,0.7961544394493103
7874,0.9634643793106079
2734,0.5914966464042664
12783,0.8298788666725159
2995,0.6876683235168457
2951,0.7851014733314514
1920,0.4379042685031891
2354,0.776066243648529
4187,0.944877028465271
6517,0.8626153469085693
14777,0.2869323790073395
1018,0.7570173740386963
13191,0.7329598069190979
10901,0.7150423526763916
3746,0.9194536805152893
1720,0.7778510451316833
7686,0.5611023306846619
4895,0.7606586217880249
9859,0.8485895991325378
4457,0.6887558102607727
11809,0.7829382419586182
8291,0.7072268128395081
9958,0.878728449344635
17038,0.9019449949264526
8259,0.8069959878921509
8727,0.9539404511451721
15202,0.5751590132713318
3893,0.7444565892219543
12368,0.8524545431137085
12338,0.6136450171470642
16760,0.7218077182769775
1194,0.8682782649993896
614,0.8421458601951599
2522,0.5861639976501465
2770,0.49067384004592896
2385,0.9089811444282532
18014,0.8154872059822083
14907,0.733570396900177
8672,0.9086157083511353
9274,0.48324257135391235
16094,0.4914182722568512
13751,0.8047221302986145
7860,0.8733670115470886
7753,0.5781301259994507
6274,0.8555786609649658
13380,0.9361103177070618
14426,0.9141102433204651
16393,0.889143168926239
17333,0.6192280650138855
2286,0.9642555713653564
2824,0.7501528263092041
5033,0.9547449946403503
4224,0.93827885389328
15603,0.4791708290576935
14448,0.86362624168396
1850,0.6651092767715454
2486,0.9816151261329651
14119,0.4951387047767639
4694,0.9634643793106079
3012,0.4335673749446869
11134,0.6346355080604553
15022,0.889143168926239
8563,0.647860050201416
4435,0.8465984463691711
3576,0.8383349180221558
2710,0.7662370800971985
11793,0.6070945858955383
17362,0.738460123538971
8251,0.6683587431907654
15448,0.9596002101898193
8412,0.7539937496185303
250,0.7303103804588318
14786,0.8405242562294006
17251,0.8095791339874268
9878,0.8526044487953186
16778,0.7727614045143127
2379,0.7646117806434631
5060,0.7716899514198303
1536,0.943660318851471
12411,0.3435545265674591
5184,0.9245016574859619
9661,0.9674293398857117
13127,0.7055281400680542
406,0.8943963646888733
17764,0.7265132069587708
17777,0.8377182483673096
10631,0.9116528034210205
7883,0.8092871904373169
8093,0.9507150650024414
12386,0.943660318851471
10096,0.8697945475578308
4789,0.8640161752700806
3144,0.8294985890388489
8750,0.8905081152915955
4881,0.8279725313186646
6667,0.6337710022926331
7105,0.5768896341323853
3890,0.781692624092102
15127,0.20446084439754486
7658,0.8544743657112122
17647,0.8682135343551636
10102,0.5414239168167114
16573,0.824798047542572
10027,0.8710815906524658
14676,0.9310133457183838
794,0.6030879616737366
14763,0.8371391296386719
10960,0.9001713991165161
471,0.8742751479148865
17859,0.7223737239837646
17149,0.7645091414451599
1442,0.909967303276062
880,0.8322581052780151
10859,0.9258334040641785
6803,0.7622100710868835
13218,0.9187067151069641
10007,0.8933430910110474
8122,0.7969651222229004
4214,0.5613909363746643
10774,0.80487060546875
1805,0.773195743560791
10952,0.8256096243858337
175,0.867766261100769
1487,0.8590297698974609
4522,0.7903329133987427
7689,0.6113772392272949
10268,0.8983338475227356
15490,0.9919503927230835
1210,0.8231763243675232
13940,0.9786166548728943
11823,0.9141640663146973
15248,0.9280838370323181
9417,0.5943830609321594
14456,0.6099700331687927
15130,0.9227164387702942
15656,0.8178278803825378
16987,0.8820225596427917
4159,0.9205927848815918
7870,0.9148988723754883
18036,0.9157410264015198
8061,0.7848294377326965
11130,0.9579501748085022
4137,0.9468985199928284
13282,0.7844454646110535
13756,0.8814690709114075
12733,0.8196000456809998
8630,0.6137171983718872
2720,0.5852454900741577
6668,0.7299731373786926
752,0.8140572905540466
10241,0.8421458601951599
4712,0.7432215809822083
16418,0.9161450266838074
14318,0.8421458601951599
14493,0.6539450287818909
5291,0.7774897217750549
1512,0.9429206848144531
5189,0.7882707715034485
120,0.945835530757904
13655,0.8336398601531982
17219,0.8735610246658325
17455,0.9498957395553589
16712,0.9005481600761414
3797,0.8477745652198792
10765,0.9324706792831421
11018,0.7971655130386353
2304,0.8836802840232849
7359,0.8442510962486267
3211,0.9394981265068054
1288,0.6274453401565552
7961,0.9596002101898193
4072,0.6282182335853577
2,0.7810382843017578
11418,0.8965973854064941
12279,0.6958550810813904
9170,0.7760026454925537
12619,0.6237342357635498
14942,0.860905647277832
16304,0.8827649354934692
4497,0.845943808555603
14880,0.9498957395553589
2795,0.9188802242279053
1188,0.8465698957443237
9620,0.8441887497901917
2608,0.8108840584754944
11841,0.43064481019973755
12831,0.9681914448738098
13518,0.9728144407272339
17642,0.8809114694595337
11790,0.7910546660423279
6250,0.8470353484153748
12465,0.7501780390739441
3683,0.9452276229858398
15247,0.5892564058303833
1495,0.8490450382232666
5041,0.9141102433204651
16813,0.8896149396896362
10552,0.8469263911247253
15426,0.7444565892219543
6963,0.8662683963775635
222,0.9262705445289612
1168,0.7449671030044556
8037,0.9215254187583923
9106,0.9057824611663818
15734,0.9752689599990845
17198,0.8294393420219421
6791,0.8706991076469421
11228,0.8622713088989258
14918,0.8398617506027222
4432,0.978857159614563
10296,0.7960087656974792
13062,0.84615159034729
3198,0.9463634490966797
17233,0.7218077182769775
15502,0.9199451208114624
2977,0.9626558423042297
7416,0.8047472238540649
10016,0.733570396900177
7427,0.9442861080169678
6621,0.8925118446350098
11454,0.8652486205101013
838,0.6239777207374573
10347,0.3865061104297638
14154,0.7304801940917969
13205,0.8890507221221924
14524,0.801173746585846
14637,0.9651798605918884
15465,0.9233028292655945
2226,0.7604946494102478
4084,0.8663128018379211
13301,0.9262705445289612
7295,0.38186559081077576
12424,0.7349056601524353
434,0.9194536805152893
12046,0.8464223742485046
6246,0.8718206882476807
11840,0.8685176372528076
14492,0.29727789759635925
17430,0.7608186602592468
12491,0.9608885645866394
2080,0.923458456993103
11222,0.8077208399772644
485,0.5249350666999817
6828,0.9161215424537659
11969,0.7955753207206726
5384,0.9218310117721558
12898,0.5992497801780701
15446,0.6845139265060425
8694,0.9404911398887634
13744,0.8164703845977783
15204,0.7662492990493774
11747,0.5321906805038452
12727,0.4817837178707123
7958,0.8578613996505737
7435,0.9233042597770691
6525,0.7885007262229919
3644,0.7571052312850952
16531,0.912129819393158
4000,0.9442861080169678
4040,0.5416144728660583
4846,0.6411927342414856
10236,0.6481903791427612
16692,0.9314125776290894
2932,0.9642555713653564
11639,0.7745387554168701
683,0.9079853892326355
17071,0.7426171898841858
11375,0.7927097082138062
14620,0.8573877215385437
16191,0.7851014733314514
16912,0.7692344784736633
5872,0.7790115475654602
14447,0.8443079590797424
15280,0.7318813800811768
8890,0.8201947808265686
13453,0.8763636350631714
534,0.8848069906234741
8550,0.9321600198745728
2133,0.8516133427619934
12211,0.6445010900497437
8711,0.3748205900192261
7917,0.7258894443511963
10726,0.4269581437110901
14,0.8766322731971741
893,0.5249350666999817
15809,0.8251199722290039
5675,0.7790115475654602
10009,0.8586453795433044
17566,0.8519662618637085
17715,0.8853242993354797
12877,0.9553042650222778
1840,0.9442861080169678
9489,0.9428561329841614
15848,0.8603655695915222
16505,0.8485895991325378
13258,0.7886472344398499
15640,0.6182073950767517
9193,0.9596002101898193
4675,0.7681029438972473
14176,0.6833720803260803
6480,0.9399154186248779
10279,0.8404738306999207
3721,0.8463098406791687
5164,0.7054452896118164
12732,0.8093540072441101
955,0.564942479133606
11659,0.8357861042022705
16445,0.9919503927230835
17502,0.7419589757919312
3654,0.7006127834320068
6639,0.943660318851471
12793,0.8407326340675354
3239,0.7920935153961182
256,0.8437392711639404
5345,0.27730509638786316
14622,0.7795212268829346
17269,0.7987582087516785
13728,0.7971093058586121
4794,0.7637829184532166
8647,0.8203793168067932
5107,0.8246188163757324
8979,0.8105953335762024
2656,0.7716899514198303
11384,0.9359803795814514
16588,0.9025975465774536
8147,0.41697782278060913
7466,0.7369382381439209
2576,0.8176032900810242
17778,0.8030934929847717
8600,0.6128923296928406
2974,0.8950695395469666
749,0.8846994638442993
12504,0.7901376485824585
10479,0.8516133427619934
17114,0.5490105748176575
13957,0.9094224572181702
4340,0.7791198492050171
973,0.8780247569084167
86,0.8796542286872864
9776,0.41600921750068665
6986,0.731805682182312
3398,0.5725132822990417
6249,0.4938463270664215
15074,0.789931058883667
3904,0.7705344557762146
720,0.6282182335853577
11645,0.49078917503356934
3774,0.872824490070343
14289,0.9555555582046509
11208,0.6341907978057861
2900,0.8047472238540649
16888,0.7336701154708862
3972,0.9379881620407104
8958,0.8983338475227356
535,0.8059527277946472
8230,0.9611316323280334
18047,0.7891424298286438
11965,0.8726333975791931
14101,0.6903533339500427
4669,0.8335676193237305
11421,0.8197492361068726
1894,0.9513801336288452
10578,0.8073303699493408
14537,0.8404738306999207
13899,0.6826841235160828
17187,0.8150006532669067
5163,0.5725132822990417
17619,0.7209859490394592
3521,0.885807991027832
17018,0.911787748336792
17392,0.8976640105247498
3063,0.6740105748176575
5462,0.899593710899353
4822,0.8891624808311462
2684,0.8325037360191345
5460,0.8437069654464722
14430,0.9127272963523865
13843,0.7755910754203796
2561,0.8652486205101013
6005,0.2576436400413513
14773,0.8267921209335327
14109,0.8982782959938049
14314,0.8144959807395935
16506,0.8404738306999207
2965,0.6463632583618164
6051,0.5332509279251099
11293,0.859755277633667
6988,0.8590564727783203
4438,0.8809463381767273
1361,0.85887211561203
10484,0.829033374786377
1874,0.8603655695915222
3081,0.37675240635871887
12022,0.9633790850639343
17010,0.8110922574996948
12006,0.71455979347229
8383,0.9002705216407776
4800,0.7969275712966919
10776,0.6239777207374573
6360,0.729947030544281
3538,0.6469802260398865
466,0.7962150573730469
7311,0.6596335172653198
9069,0.7208823561668396
15764,0.8833118081092834
2129,0.5663424730300903
13416,0.7808677554130554
6253,0.9339243769645691
684,0.4697953760623932
2272,0.8332951664924622
14152,0.6491729617118835
13023,0.9596002101898193
16933,0.9658688902854919
8610,0.8372567296028137
8088,0.764255702495575
9300,0.775855302810669
15040,0.9023496508598328
8808,0.8935791254043579
8212,0.8890123963356018
3114,0.6329740881919861
11213,0.6758094429969788
11963,0.7160130143165588
17713,0.8516133427619934
6840,0.9315611124038696
12189,0.7544658780097961
5209,0.85160231590271
8221,0.9510935544967651
11071,0.625052809715271
7613,0.8985769152641296
12109,0.8773375749588013
7420,0.7706080675125122
2392,0.49067384004592896
10524,0.9262705445289612
5508,0.7444044351577759
15488,0.6413232088088989
14781,0.6677199006080627
9832,0.452593058347702
9485,0.7546729445457458
4672,0.7573413252830505
12678,0.6075534224510193
6141,0.8957552313804626
12855,0.5967198014259338
3171,0.8164703845977783
17969,0.49002325534820557
17958,0.7018907070159912
15091,0.8601643443107605
17732,0.8434710502624512
12193,0.621512770652771
16193,0.9357172846794128
9097,0.642911434173584
5612,0.9451367855072021
425,0.8142569661140442
7476,0.8467625379562378
3213,0.91346675157547
17226,0.8548734188079834
17045,0.9150105118751526
4468,0.7209859490394592
8203,0.29727789759635925
15676,0.8682782649993896
17470,0.9029639959335327
17870,0.7993361353874207
8309,0.9674293398857117
17593,0.7312408089637756
14853,0.8588495850563049
14697,0.8998929858207703
9699,0.6341459155082703
8348,0.43127718567848206
16668,0.7680233120918274
15335,0.9167070984840393
2858,0.9452276229858398
847,0.969167172908783
1186,0.7772293090820312
2666,0.9601982831954956
4981,0.8467245697975159
5993,0.8555786609649658
3968,0.8829981684684753
15635,0.852939784526825
5005,0.9198606014251709
16284,0.6984519362449646
7148,0.8403395414352417
3834,0.869551420211792
16117,0.8009047508239746
5900,0.7700477838516235
12400,0.7187989950180054
1462,0.9233028292655945
15263,0.889143168926239
10811,0.8394075036048889
9296,0.8008713722229004
11001,0.846753716468811
16079,0.8068596124649048
15687,0.8553129434585571
12588,0.8688260912895203
8361,0.8629581928253174
9577,0.8338879346847534
5555,0.3948080241680145
10136,0.6990451216697693
11466,0.7749044299125671
14161,0.9649045467376709
7602,0.8262487649917603
1466,0.738460123538971
4483,0.40594223141670227
17866,0.7716899514198303
16054,0.7646117806434631
10869,0.8931479454040527
8010,0.8847852945327759
8081,0.7608186602592468
14768,0.9063447713851929
7155,0.9547449946403503
3974,0.8408161401748657
15807,0.765845537185669
4315,0.8743715882301331
2618,0.7838717103004456
16548,0.9658688902854919
1542,0.564942479133606
11031,0.7950731515884399
9735,0.9394981265068054
5358,0.5511760711669922
12739,0.8526638150215149
17404,0.7441315650939941
13712,0.8405242562294006
9060,0.7070977091789246
4418,0.84615159034729
13539,0.9012158513069153
17522,0.6437687277793884
14224,0.7443881630897522
2804,0.7204626202583313
1795,0.8816977143287659
1852,0.8888015747070312
5569,0.9294813275337219
14001,0.9305152297019958
6527,0.8810847401618958
10801,0.7977840900421143
11165,0.7276785969734192
4051,0.909896731376648
12643,0.9419636130332947
3036,0.8814523220062256
1118,0.6092987060546875
881,0.6572160124778748
9089,0.7142760157585144
17626,0.8837791681289673
8571,0.9272184371948242
5457,0.9442234635353088
14963,0.8516133427619934
13743,0.628071129322052
10049,0.6075319647789001
13197,0.4436209201812744
8223,0.5541917681694031
14897,0.7254155874252319
16073,0.953837513923645
13474,0.7619835138320923
1844,0.8472325801849365
17862,0.8710815906524658
12857,0.6606183052062988
11875,0.909967303276062
5615,0.9752689599990845
11472,0.9047865271568298
3581,0.6710742115974426
5915,0.7133384943008423
4366,0.6471147537231445
10249,0.9471377730369568
6921,0.8074088096618652
5770,0.8808578252792358
11287,0.7800605297088623
5418,0.8852342367172241
1231,0.3346218764781952
3071,0.8251764178276062
8827,0.6329740881919861
8992,0.8314334154129028
330,0.7663751840591431
4164,0.7340112328529358
9085,0.7803740501403809
16355,0.7727614045143127
3093,0.9374082684516907
1437,0.5552372932434082
17421,0.7299731373786926
16199,0.7733848094940186
1581,0.7487245202064514
4068,0.7449288964271545
11496,0.9201942682266235
698,0.6683587431907654
8840,0.9262705445289612
3748,0.8086038827896118
679,0.8086228370666504
17574,0.9498957395553589
10237,0.8993805646896362
14127,0.8980692625045776
4801,0.8600428700447083
5414,0.9219628572463989
1632,0.6606183052062988
5737,0.8533967137336731
14783,0.3493824303150177
14632,0.8501001596450806
15531,0.8220624327659607
2285,0.8827651143074036
2513,0.6076998114585876
17516,0.6728721261024475
3072,0.8830555081367493
12725,0.7385668754577637
16013,0.8647060990333557
16404,0.8837791681289673
17990,0.7887912392616272
12111,0.8086038827896118
7800,0.8707611560821533
14120,0.6245774030685425
17591,0.7583958506584167
14098,0.865943431854248
8403,0.8860702514648438
2756,0.6194061636924744
11854,0.8670250773429871
6395,0.9657671451568604
10134,0.8120397925376892
3394,0.7455770373344421
10350,0.9160305857658386
1472,0.9075103402137756
17476,0.9279464483261108
2455,0.7449671030044556
276,0.6951652765274048
16098,0.8640239238739014
1579,0.8325037360191345
4893,0.7915533185005188
11764,0.8798930048942566
83,0.8846994638442993
5177,0.7964252233505249
6125,0.6478212475776672
7001,0.9324573278427124
4204,0.8291718363761902
4929,0.7700477838516235
16500,0.9515787363052368
9469,0.909641683101654
9657,0.96318519115448
10496,0.8848069906234741
2988,0.8196229934692383
14440,0.9424419403076172
12020,0.7009713053703308
538,0.8696113228797913
11084,0.9445826411247253
13496,0.9647692441940308
7911,0.7660913467407227
5783,0.8598501086235046
12138,0.9089811444282532
15645,0.9178571701049805
16214,0.9160305857658386
10557,0.867175281047821
8967,0.6337916851043701
3472,0.8434710502624512
15092,0.7998768091201782
3417,0.9894551634788513
6904,0.898830235004425
13956,0.8147526979446411
13155,0.9820934534072876
10665,0.7960644364356995
17391,0.9586457014083862
3514,0.8487575054168701
10816,0.7546729445457458
2237,0.9679242968559265
17521,0.7727614045143127
4695,0.8770865201950073
14445,0.7055281400680542
17284,0.8786804676055908
12030,0.9404911398887634
5860,0.8994465470314026
7600,0.9478440880775452
1799,0.7073760032653809
5572,0.870387613773346
11123,0.7856714129447937
8124,0.7772293090820312
6846,0.9169182181358337
17592,0.439948171377182
15447,0.9380809664726257
15843,0.7774897217750549
10688,0.4586845338344574
6281,0.9023744463920593
7583,0.9201942682266235
1166,0.7224500179290771
7515,0.8499538898468018
12147,0.5335858464241028
495,0.7449671030044556
11960,0.7455770373344421
11899,0.9022535681724548
15601,0.9685246348381042
11227,0.7720921039581299
15485,0.9426867365837097
1643,0.9154404997825623
5272,0.9018383622169495
16088,0.7662167549133301
4524,0.9508677124977112
10633,0.607236921787262
4161,0.6494181156158447
6286,0.7031665444374084
10243,0.846753716468811
15613,0.5162184834480286
2692,0.6399815082550049
16623,0.8935791254043579
12103,0.7851014733314514
5646,0.9481409788131714
11177,0.7221333980560303
15299,0.8920016288757324
13506,0.9094224572181702
8455,0.5488448143005371
10814,0.7467116713523865
7722,0.9596002101898193
976,0.7863307595252991
2242,0.9324706792831421
17506,0.7615475654602051
10403,0.924219012260437
15836,0.8718206882476807
6723,0.8843192458152771
1464,0.8086228370666504
15654,0.7916627526283264
9753,0.9033910036087036
12266,0.5703948736190796
3895,0.9681914448738098
12014,0.8281492590904236
3531,0.7850115299224854
14499,0.7146100997924805
12991,0.7696148753166199
6651,0.9596251249313354
16830,0.9158408045768738
9218,0.8411619067192078
14409,0.8888214826583862
956,0.6075534224510193
6827,0.843224048614502
5983,0.8059527277946472
16488,0.7337215542793274
6484,0.6421336531639099
13865,0.7336786389350891
12082,0.8556296825408936
10826,0.7546729445457458
16759,0.7903928160667419
7166,0.8009974956512451
14344,0.8653382658958435
3188,0.6923112273216248
7858,0.8251199722290039
9763,0.8717463612556458
9328,0.71168053150177
16560,0.8120450377464294
10648,0.9442234635353088
17086,0.5670221447944641
8059,0.7329598069190979
7255,0.8011091947555542
5813,0.5511760711669922
15387,0.8371734023094177
7412,0.46980494260787964
1858,0.7156642079353333
9893,0.6239777207374573
16916,0.8162887692451477
9517,0.9549795389175415
11452,0.7516268491744995
12173,0.8024819493293762
10474,0.872093141078949
17196,0.8966431021690369
1295,0.7984462976455688
4504,0.8847251534461975
454,0.42068538069725037
4737,0.5662999749183655
8798,0.851047694683075
4927,0.8071770071983337
17161,0.4836310148239136
14330,0.7692344784736633
10808,0.889143168926239
5187,0.9290105104446411
16815,0.860905647277832
2004,0.912129819393158
8906,0.9094224572181702
5316,0.8141888976097107
8024,0.8867190480232239
16782,0.838288426399231
2652,0.7533422708511353
6735,0.8506063222885132
12839,0.7655907869338989
5134,0.628071129322052
10694,0.8404738306999207
13479,0.865787148475647
15182,0.6283266544342041
2638,0.7600944638252258
208,0.8903235197067261
4444,0.9445826411247253
13508,0.8998342156410217
5772,0.715585470199585
10182,0.9033910036087036
16884,0.9201942682266235
2721,0.8335676193237305
2300,0.594769299030304
358,0.869327962398529
1693,0.8421458601951599
17174,0.818165123462677
15396,0.8516440391540527
14263,0.8193776607513428
2964,0.6052483916282654
2740,0.8383435606956482
9277,0.7603444457054138
6742,0.6329740881919861
4419,0.3618215024471283
13051,0.7990100383758545
11806,0.7878227829933167
13972,0.9061400890350342
12806,0.8472325801849365
6844,0.43374350666999817
1033,0.8749432563781738
10617,0.9109227061271667
13550,0.37876227498054504
3529,0.8095611333847046
10495,0.8882144093513489
1427,0.8829981684684753
13791,0.9103057980537415
9806,0.8847251534461975
10790,0.9159383773803711
696,0.6964668035507202
11197,0.9392989873886108
2501,0.29727789759635925
6218,0.6758094429969788
3852,0.7673514485359192
11153,0.5558186769485474
3139,0.9550876021385193
6634,0.9579975605010986
11816,0.9120213389396667
15750,0.6886783242225647
4234,0.9342197775840759
3557,0.9399908185005188
17469,0.6844671368598938
1165,0.7875165343284607
6802,0.7501196265220642
10590,0.9443643093109131
11243,0.8008713722229004
9355,0.8444090485572815
5432,0.777829647064209
17798,0.945835530757904
2446,0.8850955367088318
16377,0.967427670955658
11653,0.9658867716789246
12080,0.9293779134750366
8800,0.8649163842201233
14271,0.7548612952232361
3545,0.9481862783432007
6309,0.9326180219650269
14985,0.6091678738594055
16647,0.7165457010269165
15695,0.7349056601524353
1480,0.44762566685676575
909,0.8749927282333374
7376,0.8585538864135742
7762,0.7810750603675842
16331,0.8523942828178406
602,0.8660029768943787
8989,0.9103752374649048
10313,0.90586918592453
3426,0.6892229914665222
17095,0.9247936606407166
14189,0.9243156313896179
12439,0.9010011553764343
11316,0.7884731888771057
17970,0.935246467590332
10118,0.9674293398857117
11630,0.7953572869300842
17690,0.922955334186554
15139,0.7268483638763428
11937,0.6129562854766846
11367,0.7964200377464294
4133,0.8464075326919556
14213,0.7254155874252319
8785,0.6027266383171082
16440,0.6945226788520813
9939,0.9039069414138794
4046,0.9489899277687073
481,0.7660913467407227
6029,0.8394075036048889
7696,0.85887211561203
13960,0.8516133427619934
12541,0.8459697365760803
8296,0.908065676689148
11532,0.8227484822273254
3459,0.728720486164093
11174,0.4129474461078644
17109,0.8128377795219421
10995,0.16763253509998322
12245,0.9649045467376709
5584,0.5766870379447937
6916,0.8860416412353516
16827,0.5699529647827148
4353,0.8380391597747803
6574,0.7931652665138245
15790,0.8994127511978149
5626,0.801892876625061
16911,0.8606451153755188
4059,0.6731235384941101
15136,0.7526704668998718
9421,0.7454637289047241
14579,0.8338451385498047
2931,0.6098047494888306
10143,0.9478440880775452
6868,0.9024848341941833
1888,0.5736992955207825
4626,0.9152714014053345
3934,0.6988393068313599
16318,0.8252561092376709
13523,0.7085846066474915
12018,0.9221314787864685
9411,0.7379551529884338
12152,0.912791907787323
12378,0.6731969714164734
3340,0.7304414510726929
2256,0.5825504064559937
16502,0.8289660811424255
7122,0.8372990489006042
15277,0.9154404997825623
13104,0.5725132822990417
2029,0.7444044351577759
1938,0.8199700117111206
4729,0.8195391893386841
11038,0.7218077182769775
9452,0.9145693778991699
6583,0.9129924178123474
12615,0.881225049495697
1269,0.7484748959541321
3168,0.9425665736198425
8949,0.7880750894546509
14349,0.6888852715492249
14284,0.9060143232345581
6794,0.8263135552406311
9194,0.8001647591590881
13741,0.8531962037086487
17093,0.7734395861625671
2544,0.7451289892196655
9635,0.9658688902854919
8341,0.9178571701049805
5701,0.8303666710853577
1684,0.8609153628349304
13175,0.8482673168182373
4379,0.7827789187431335
7016,0.8714469075202942
11344,0.7969275712966919
15708,0.6516993045806885
10030,0.7826132774353027
14759,0.8714699149131775
1137,0.8950620293617249
10566,0.5601642727851868
3599,0.944877028465271
2280,0.8902226686477661
8848,0.8606451153755188
6054,0.9030956625938416
16277,0.8203979730606079
5379,0.9071975350379944
12172,0.4724333584308624
9768,0.5017462372779846
8769,0.7897797226905823
12980,0.8913785815238953
16315,0.8884936571121216
15407,0.9215254187583923
4278,0.8332951664924622
7926,0.627638041973114
10014,0.6950820088386536
14605,0.8352838754653931
12336,0.772712230682373
5651,0.7034844756126404
16923,0.7072268128395081
14117,0.8025327920913696
11017,0.7884038090705872
14025,0.9361637830734253
17943,0.9528740048408508
5984,0.5485697388648987
1347,0.805841863155365
10784,0.8707516193389893
14669,0.9379756450653076
4961,0.8676897287368774
601,0.8519873023033142
2540,0.5649500489234924
14945,0.7829899191856384
9105,0.7421929836273193
6075,0.7758929133415222
